yr,mo,dy,date,st,mag,inj,fat,slat,slon,elat,elon,len,wid
1950,1,3,03/01/1950,IL,3,3,0,39.1,-89.3,39.12,-89.23,3.6,130
1950,1,3,03/01/1950,MO,3,3,0,38.77,-90.22,38.83,-90.03,9.5,150
1950,1,3,03/01/1950,OH,1,1,0,40.88,-84.58,0,0,0.1,10
1950,1,13,13/01/1950,AR,3,1,1,34.4,-94.37,0,0,0.6,17
1950,1,25,25/01/1950,IL,2,0,0,41.17,-87.33,0,0,0.1,100
1950,1,25,25/01/1950,MO,2,5,0,37.6,-90.68,37.63,-90.65,2.3,300
1950,1,26,26/01/1950,TX,2,2,0,26.88,-98.12,26.88,-98.05,4.7,133
1950,2,11,11/02/1950,TX,2,0,0,29.42,-95.25,29.52,-95.13,9.9,400
1950,2,11,11/02/1950,TX,2,5,0,32.35,-95.2,32.42,-95.2,4.6,100
1950,2,11,11/02/1950,TX,2,6,0,32.98,-94.63,33,-94.7,4.5,67
1950,2,11,11/02/1950,TX,3,12,1,29.67,-95.05,29.83,-95,12,1000
1950,2,12,12/02/1950,AR,2,0,0,34.48,-92.4,0,0,0.1,100
1950,2,12,12/02/1950,AR,2,0,0,33.27,-92.95,33.35,-92.95,5.7,100
1950,2,12,12/02/1950,LA,1,0,0,32.6,-91.33,0,0,0.5,33
1950,2,12,12/02/1950,LA,2,10,5,32.2,-93.58,32.97,-93.17,58.4,100
1950,2,12,12/02/1950,LA,3,25,5,31.63,-93.65,32.55,-93.03,74.5,100
1950,2,12,12/02/1950,LA,4,77,18,31.97,-94,33,-93.3,82.6,100
1950,2,12,12/02/1950,MS,1,0,0,34.6,-89.12,0,0,2,10
1950,2,12,12/02/1950,MS,2,2,3,34.6,-89.12,0,0,0.1,10
1950,2,12,12/02/1950,TX,1,0,0,32.08,-98.35,32.1,-98.33,2.3,233
1950,2,12,12/02/1950,TX,1,32,0,31.8,-94.2,31.88,-94.12,7.7,100
1950,2,12,12/02/1950,TX,2,0,0,31.52,-96.55,31.57,-96.55,3.4,100
1950,2,12,12/02/1950,TX,2,8,1,33.33,-94.42,33.45,-94.42,8,833
1950,2,12,12/02/1950,TX,3,15,3,31.8,-94.2,31.8,-94.18,1.9,50
1950,2,13,13/02/1950,TN,1,8,0,35.35,-89.77,0,0,0.2,10
1950,2,13,13/02/1950,TN,2,1,9,35.75,-89.48,0,0,0.2,10
1950,2,27,27/02/1950,OK,2,0,0,35.55,-97.6,0,0,2,50
1950,3,1,01/03/1950,MS,1,0,0,32.5,-88.85,0,0,0.1,10
1950,3,16,16/03/1950,FL,2,0,0,29.65,-81.22,0,0,1.5,150
1950,3,19,19/03/1950,LA,0,0,0,29.7,-90.1,29.67,-89.8,18.1,27
1950,3,19,19/03/1950,LA,1,2,0,30.45,-93.45,0,0,2,33
1950,3,19,19/03/1950,LA,2,0,0,30.1,-91,0,0,1,50
1950,3,26,26/03/1950,AR,2,3,0,34.12,-93.07,34.32,-92.88,17.4,150
1950,3,26,26/03/1950,AR,2,7,0,34.7,-92.35,34.8,-92.22,10.4,600
1950,3,26,26/03/1950,AR,2,2,0,35.1,-91.4,35.15,-91.33,5.4,833
1950,3,26,26/03/1950,AR,3,1,0,36.15,-91.83,36.2,-91.75,5.7,200
1950,3,26,26/03/1950,AR,3,20,0,34.98,-91.73,35.08,-91.5,14.9,1760
1950,3,27,27/03/1950,IL,2,0,0,40.57,-88.6,40.6,-88.55,3,50
1950,3,27,27/03/1950,LA,1,2,0,32.63,-91.28,32.73,-91.05,15.3,17
1950,3,27,27/03/1950,LA,1,0,0,30.92,-91.13,0,0,0.5,27
1950,3,27,27/03/1950,MS,1,2,0,34.73,-88.27,0,0,0.1,10
1950,3,27,27/03/1950,MS,2,0,0,33.13,-89.57,33.25,-89.42,11.9,10
1950,3,27,27/03/1950,MS,2,7,0,32.28,-90.27,32.98,-89.82,59.3,50
1950,3,27,27/03/1950,MS,2,6,0,32.28,-90.27,32.48,-89.78,31.9,50
1950,3,27,27/03/1950,MS,2,0,0,33.67,-88.78,33.72,-88.73,4.7,10
1950,3,27,27/03/1950,MS,2,2,1,33.17,-90.55,0,0,0.1,10
1950,3,27,27/03/1950,OK,2,0,0,34.85,-95.75,0,0,0.1,77
1950,3,27,27/03/1950,TN,1,0,0,35.68,-85.77,0,0,0.2,10
1950,4,2,02/04/1950,AR,1,0,0,35.98,-89.92,0,0,0.8,100
1950,4,2,02/04/1950,AR,3,8,1,35.75,-91.22,0,0,2.5,10
1950,4,2,02/04/1950,OK,2,0,0,35.82,-97.02,0,0,1,100
1950,4,3,03/04/1950,OK,1,0,0,36.13,-95.83,0,0,1,33
1950,4,18,18/04/1950,AL,2,0,0,30.7,-87.92,0,0,2,150
1950,4,18,18/04/1950,AL,3,15,0,30.67,-88.2,30.85,-88.1,14,100
1950,4,24,24/04/1950,LA,1,0,0,30.1,-90.03,0,0,2,100
1950,4,27,27/04/1950,SC,1,0,0,33.07,-80,0,0,0.7,37
1950,4,28,28/04/1950,KS,1,0,0,38.12,-95.85,38.35,-95.63,19.8,10
1950,4,28,28/04/1950,OK,2,0,0,34.55,-96.2,0,0,0.8,100
1950,4,28,28/04/1950,OK,3,1,1,34.88,-99.28,35.17,-99.2,20.8,400
1950,4,28,28/04/1950,OK,4,32,5,35.08,-96.4,35.13,-96.35,4.5,200
1950,4,28,28/04/1950,TX,4,5,5,32.42,-99.5,32.42,-99.48,1.3,233
1950,4,29,29/04/1950,MS,2,0,0,31.27,-89.83,31.38,-89.7,11.3,100
1950,4,29,29/04/1950,TX,1,0,0,31.9,-98.6,31.73,-98.6,11.5,200
1950,5,1,01/05/1950,LA,0,0,0,31.75,-92.25,0,0,1,100
1950,5,1,01/05/1950,LA,1,0,0,31.7,-93.3,0,0,2,100
1950,5,1,01/05/1950,LA,1,0,0,31.95,-92.63,32.05,-92.4,15.4,150
1950,5,1,01/05/1950,LA,1,2,0,31.38,-91.73,0,0,1,100
1950,5,1,01/05/1950,LA,2,7,0,31.55,-92.9,31.57,-92.85,3.6,100
1950,5,1,01/05/1950,MS,1,0,0,31.73,-91.07,0,0,0.1,10
1950,5,1,01/05/1950,MS,1,0,0,31.55,-91.38,0,0,0.1,10
1950,5,2,02/05/1950,LA,1,1,0,31.67,-92.9,32,-92.5,32.8,150
1950,5,2,02/05/1950,LA,2,5,1,31.55,-91.97,0,0,2,100
1950,5,4,04/05/1950,IA,1,0,0,40.95,-95.73,0,0,0.1,10
1950,5,4,04/05/1950,KS,1,0,0,38.68,-99.32,0,0,0.1,10
1950,5,4,04/05/1950,KS,4,1,0,38.03,-99.12,38.45,-98.78,34.3,150
1950,5,4,04/05/1950,OK,1,0,0,35.58,-99.17,0,0,0.1,10
1950,5,4,04/05/1950,OK,2,0,0,35.25,-99.55,35.32,-99.5,5.6,293
1950,5,4,04/05/1950,OK,2,0,0,36.57,-99.57,0,0,1,100
1950,5,4,04/05/1950,TX,2,13,1,36.4,-100.8,36.42,-100.77,1.9,50
1950,5,5,05/05/1950,KS,3,12,0,39.62,-95.62,39.85,-95.52,17.3,440
1950,5,7,07/05/1950,OK,1,0,0,36.3,-99.8,0,0,0.1,10
1950,5,7,07/05/1950,OK,1,0,0,36,-97,0,0,0.1,10
1950,5,7,07/05/1950,OK,2,3,0,36.12,-97.83,36.17,-97.78,4.3,10
1950,5,8,08/05/1950,FL,1,0,0,29.13,-81.35,0,0,0.3,30
1950,5,8,08/05/1950,IA,2,0,0,41.03,-95.27,41.02,-95.22,0.1,200
1950,5,8,08/05/1950,KS,1,1,0,39.4,-97.65,0,0,0.1,10
1950,5,8,08/05/1950,KS,1,0,0,39.72,-97.77,0,0,0.1,10
1950,5,8,08/05/1950,KS,2,0,0,39.35,-98.48,39.47,-98.3,12.6,660
1950,5,8,08/05/1950,KS,2,1,0,39.57,-98.3,39.63,-98.2,6.8,10
1950,5,8,08/05/1950,KS,2,2,0,39.23,-98.95,39.23,-98.58,19.6,440
1950,5,8,08/05/1950,NE,2,1,0,40.38,-95.8,40.28,-95.68,8.8,467
1950,5,8,08/05/1950,SD,1,0,0,43.38,-97.97,0,0,1,10
1950,5,9,09/05/1950,KS,1,0,0,39.2,-96.58,0,0,0.1,10
1950,5,9,09/05/1950,OK,1,0,0,34.77,-96.83,0,0,0.8,200
1950,5,10,10/05/1950,WY,2,0,0,41.18,-110.42,0,0,2,33
1950,5,11,11/05/1950,OK,1,0,0,36.82,-100.52,0,0,0.5,77
1950,5,12,12/05/1950,NC,0,0,0,35.73,-78.4,0,0,1,200
1950,5,12,12/05/1950,NC,1,0,0,35.75,-77.42,0,0,2,10
1950,5,12,12/05/1950,NC,1,0,0,35.73,-78.4,0,0,1,200
1950,5,13,13/05/1950,LA,1,0,0,31.15,-91.95,0,0,2,27
1950,5,14,14/05/1950,NC,1,0,0,35.3,-79.8,35.33,-79.75,3.8,50
1950,5,14,14/05/1950,NC,2,5,0,35,-80.68,0,0,2,10
1950,5,14,14/05/1950,TX,1,0,0,29.53,-95.45,0,0,1,100
1950,5,15,15/05/1950,FL,1,0,0,28.58,-81.37,0,0,0.1,10
1950,5,15,15/05/1950,FL,2,0,0,28.5,-81.37,0,0,0.1,10
1950,5,15,15/05/1950,TX,2,0,0,29.78,-98.83,29.67,-98.57,18,10
1950,5,16,16/05/1950,KS,2,0,0,37.55,-98.42,0,0,0.2,200
1950,5,16,16/05/1950,OK,1,1,0,35.82,-99.12,35.87,-99,7.3,100
1950,5,18,18/05/1950,KS,0,0,0,39.85,-98.3,0,0,0.1,10
1950,5,18,18/05/1950,KS,3,2,0,38.12,-96.82,38.33,-96.82,14.9,100
1950,5,18,18/05/1950,NE,1,0,0,40.22,-100.63,0,0,0.7,333
1950,5,19,19/05/1950,KS,0,0,0,37.82,-96.85,0,0,0.1,10
1950,5,22,22/05/1950,OK,1,0,0,35.67,-99.23,0,0,1.5,100
1950,5,23,23/05/1950,KS,0,0,0,39.75,-99.32,0,0,0.2,250
1950,5,24,24/05/1950,KS,1,0,0,39.38,-96.97,39.45,-96.78,10.7,40
1950,5,24,24/05/1950,KS,2,1,0,37.27,-99.48,37.28,-99.42,3.6,77
1950,5,24,24/05/1950,OK,2,2,0,36.45,-99.03,0,0,1,33
1950,5,25,25/05/1950,TX,1,0,0,32.67,-101.88,32.65,-101.85,3,880
1950,5,29,29/05/1950,LA,1,13,0,32.1,-93.9,0,0,1,27
1950,5,29,29/05/1950,LA,1,0,0,31.67,-93.7,0,0,1,27
1950,5,29,29/05/1950,OK,1,0,0,36.38,-95.27,0,0,1,33
1950,5,29,29/05/1950,TX,1,0,0,33.35,-96.92,33.3,-96.92,3.4,267
1950,5,30,30/05/1950,GA,1,0,0,34.75,-84.92,0,0,0.5,10
1950,5,31,31/05/1950,NC,1,0,0,35.42,-77.25,0,0,0.1,10
1950,6,3,03/06/1950,MS,3,1,2,33.08,-89.58,0,0,2,50
1950,6,4,04/06/1950,GA,0,0,0,33.68,-84.93,0,0,2,200
1950,6,4,04/06/1950,GA,1,1,0,33.85,-84.25,33.85,-84.2,3.3,10
1950,6,5,05/06/1950,TX,1,2,0,29.9,-96.4,29.72,-96.07,23.7,10
1950,6,5,05/06/1950,TX,3,6,0,30.18,-96.4,30.02,-96.05,23.9,67
1950,6,7,07/06/1950,GA,1,0,0,33.03,-84.15,0,0,2,300
1950,6,7,07/06/1950,WY,1,0,0,43.08,-104.5,0,0,0.2,10
1950,6,8,08/06/1950,KS,4,5,1,38.33,-97.93,38.33,-97.6,17.1,700
1950,6,9,09/06/1950,MO,1,0,0,38,-92.22,38.02,-92.17,2.7,220
1950,6,9,09/06/1950,OK,1,0,0,36.8,-97.25,0,0,0.1,100
1950,6,13,13/06/1950,IL,1,0,0,41.95,-89.77,0,0,0.1,10
1950,6,13,13/06/1950,ND,3,0,0,46.8,-97.92,0,0,2,10
1950,6,13,13/06/1950,NE,2,101,0,42.6,-97.88,42.65,-97.82,4.1,10
1950,6,14,14/06/1950,ND,3,0,0,48.92,-103.77,48.78,-103.28,23.7,10
1950,6,14,14/06/1950,WY,1,0,0,44.13,-104.18,0,0,0.2,10
1950,6,15,15/06/1950,IA,3,5,0,41.98,-93.6,41.97,-93.48,5.6,300
1950,6,15,15/06/1950,MN,2,4,0,46.58,-96.33,46.52,-96.33,4.6,67
1950,6,15,15/06/1950,MO,1,0,0,39.7,-92.07,0,0,0.2,100
1950,6,16,16/06/1950,KS,1,0,0,38.28,-101.28,38.7,-101.13,29.9,10
1950,6,19,19/06/1950,TX,0,0,0,36.08,-102.53,36.08,-102.25,15.8,167
1950,6,22,22/06/1950,NE,0,0,0,40.18,-98.03,40.2,-97.98,1.9,10
1950,6,25,25/06/1950,KS,0,0,0,37.77,-97.47,0,0,0.1,10
1950,6,25,25/06/1950,KS,0,0,0,39.5,-99.62,0,0,0.1,10
1950,6,25,25/06/1950,WI,1,0,0,45.42,-91,0,0,0.5,10
1950,6,25,25/06/1950,WI,2,0,0,45.57,-90.3,45.57,-90.12,8.4,10
1950,6,25,25/06/1950,WI,2,0,1,44.83,-90.35,44.97,-90.28,7.8,17
1950,6,25,25/06/1950,WI,3,0,0,43.95,-88.95,43.97,-88.93,0.1,300
1950,6,25,25/06/1950,WI,4,12,2,45.58,-89.58,45.67,-89.33,13.1,880
1950,7,1,01/07/1950,IA,2,0,0,42.45,-91.92,0,0,14,10
1950,7,1,01/07/1950,KS,1,1,0,39.3,-96.92,0,0,0.1,10
1950,7,1,01/07/1950,KS,2,0,0,38.7,-97.08,0,0,0.1,10
1950,7,2,02/07/1950,KS,2,0,0,38.47,-100.88,0,0,1,90
1950,7,3,03/07/1950,IN,0,0,0,41.65,-86.3,0,0,0.1,10
1950,7,5,05/07/1950,PA,2,2,0,40.58,-75.7,40.65,-75.47,12.9,10
1950,7,5,05/07/1950,PA,2,0,0,40.6,-76.75,0,0,0.1,13
1950,7,8,08/07/1950,KS,1,0,0,39.82,-96.8,0,0,1,90
1950,7,11,11/07/1950,NM,1,0,0,35.28,-103.52,35.33,-103.48,3.8,500
1950,7,12,12/07/1950,CT,2,0,0,41.57,-72.57,0,0,10,10
1950,7,14,14/07/1950,CT,2,3,0,41.27,-73.5,0,0,5,100
1950,7,15,15/07/1950,NE,4,33,0,41.8,-96.6,41.73,-96.42,10,440
1950,7,16,16/07/1950,IL,1,0,0,41.08,-88.43,0,0,1,33
1950,7,18,18/07/1950,KS,1,0,0,37.68,-95.52,0,0,0.1,10
1950,7,19,19/07/1950,IN,1,0,0,40.22,-87.15,40.18,-87.07,4.3,200
1950,7,19,19/07/1950,IN,2,0,0,41.07,-85.08,41.08,-85.08,1.1,100
1950,7,19,19/07/1950,MO,1,0,0,38.42,-92.77,0,0,1.5,440
1950,7,19,19/07/1950,OH,2,0,0,40.8,-84.62,40.82,-84.58,0.1,200
1950,7,19,19/07/1950,OH,3,30,0,40.72,-84.08,40.83,-83.97,9.7,300
1950,7,22,22/07/1950,CO,0,0,0,40.52,-104.57,0,0,0.1,10
1950,7,24,24/07/1950,PA,0,0,0,41.63,-79.68,0,0,0.1,10
1950,7,26,26/07/1950,NC,1,0,0,35.53,-77.4,0,0,0.1,10
1950,7,27,27/07/1950,NC,1,0,0,35.4,-80.57,0,0,0.1,10
1950,8,2,02/08/1950,NM,1,0,0,34.12,-107.23,34.02,-107.3,7.9,100
1950,8,5,05/08/1950,CO,2,1,0,40.73,-102.55,40.68,-102.47,0.1,10
1950,8,6,06/08/1950,KS,1,0,0,39.93,-101,0,0,0.1,10
1950,8,6,06/08/1950,KS,2,0,0,37.97,-100.77,0,0,0.1,10
1950,8,6,06/08/1950,KS,2,0,0,39.13,-100.63,39.12,-100.47,8.7,10
1950,8,8,08/08/1950,MO,1,0,0,37.13,-93.38,0,0,2,10
1950,8,9,09/08/1950,WV,1,0,0,39.28,-81.38,0,0,5,10
1950,8,11,11/08/1950,MD,1,0,0,39.33,-75.87,0,0,6,10
1950,8,24,24/08/1950,AR,2,7,0,34.4,-91.43,34.43,-91.38,3.6,200
1950,8,28,28/08/1950,KS,1,0,0,37.47,-100.82,37.42,-100.7,7.2,10
1950,8,29,29/08/1950,PA,1,0,0,40.22,-75,0,0,1,10
1950,8,30,30/08/1950,FL,1,0,0,29.73,-84.98,0,0,0.5,50
1950,8,31,31/08/1950,FL,0,0,0,30.8,-85.2,0,0,0.1,10
1950,9,15,15/09/1950,OK,2,6,0,35,-96.25,35.07,-96.17,6.8,100
1950,9,16,16/09/1950,OK,0,0,0,34.83,-95.85,0,0,0.1,10
1950,9,21,21/09/1950,NE,1,0,0,40.72,-96.82,40.72,-96.38,22.5,67
1950,10,1,01/10/1950,OK,1,0,0,36.73,-102.52,36.88,-102.3,15.8,10
1950,10,9,09/10/1950,NC,3,3,0,34.17,-78.6,0,0,2,880
1950,11,4,04/11/1950,PA,3,1,0,40.2,-76.12,40.4,-75.93,15.9,100
1950,11,20,20/11/1950,KY,1,0,0,38.2,-84.5,0,0,0.1,10
1950,11,20,20/11/1950,KY,2,0,0,37.37,-87.2,0,0,0.1,10
1950,11,20,20/11/1950,MS,1,3,0,32.42,-89.13,0,0,2,37
1950,12,2,02/12/1950,AR,3,0,0,36.12,-91.83,36.18,-91.72,7.8,10
1950,12,2,02/12/1950,IL,1,0,0,38.17,-89.78,38.22,-89.62,9.6,50
1950,12,2,02/12/1950,IL,2,3,1,38.97,-90.05,39.07,-89.72,18.8,50
1950,12,2,02/12/1950,IL,3,25,2,38.75,-89.67,38.9,-89.38,18,200
1951,1,6,06/01/1951,LA,3,11,0,31.3,-92.47,31.53,-92.4,16.8,317
1951,1,11,11/01/1951,CA,2,0,0,37.37,-122.12,37.42,-122.03,5.7,10
1951,2,1,01/02/1951,VA,1,0,0,37.37,-78.78,0,0,0.1,50
1951,2,6,06/02/1951,LA,1,0,0,30.5,-92,0,0,0.5,33
1951,2,6,06/02/1951,LA,1,0,0,30.48,-90.42,30.53,-90.37,4.9,33
1951,2,19,19/02/1951,OK,0,0,0,35.15,-97.45,0,0,0.1,100
1951,2,19,19/02/1951,OK,2,5,0,35.27,-98.18,35.83,-97.83,43.9,20
1951,2,20,20/02/1951,AL,2,2,0,33.67,-87.7,0,0,0.1,123
1951,2,20,20/02/1951,AR,2,3,0,34.6,-92.02,35.55,-90.4,112.8,333
1951,2,20,20/02/1951,KY,2,0,0,38.27,-85.05,0,0,0.1,73
1951,2,20,20/02/1951,MS,1,0,0,33.47,-88.48,0,0,0.1,10
1951,2,20,20/02/1951,MS,3,1,1,33.45,-88.87,0,0,0.1,10
1951,3,2,02/03/1951,KS,0,0,0,39.83,-95.72,0,0,0.1,10
1951,3,2,02/03/1951,KS,3,0,0,39.43,-98.55,39.6,-97.87,38.1,10
1951,3,12,12/03/1951,FL,2,0,0,27.1,-82.48,0,0,2,77
1951,3,28,28/03/1951,TX,1,0,0,31.37,-95.6,0,0,0.5,17
1951,3,29,29/03/1951,IN,2,2,0,39.78,-85.77,39.82,-85.72,3,400
1951,3,30,30/03/1951,PA,1,0,0,39.83,-77.23,0,0,0.1,20
1951,4,5,05/04/1951,OK,2,0,0,35.32,-97.55,35.37,-97.47,5.7,127
1951,4,5,05/04/1951,OK,2,2,0,35.23,-97.72,0,0,0.2,100
1951,4,5,05/04/1951,OK,2,2,0,36.53,-98.92,36.57,-98.87,3.6,33
1951,4,20,20/04/1951,KS,0,0,0,37.12,-101.77,0,0,0.1,10
1951,4,20,20/04/1951,TX,2,0,0,33.92,-98.45,0,0,1.5,17
1951,4,21,21/04/1951,LA,0,2,0,31.72,-92.25,0,0,1,33
1951,4,21,21/04/1951,LA,0,1,0,32.33,-92.32,0,0,1,33
1951,4,21,21/04/1951,MS,1,0,0,32.07,-89.52,0,0,0.1,10
1951,4,21,21/04/1951,MS,3,16,2,31.68,-89.25,32.15,-89.12,33.5,10
1951,4,24,24/04/1951,OK,0,0,0,35.78,-99,0,0,0.1,10
1951,4,24,24/04/1951,OK,1,0,0,34.63,-99.6,0,0,2.5,10
1951,4,24,24/04/1951,OK,1,0,0,36.75,-97.4,0,0,0.1,10
1951,4,26,26/04/1951,KS,0,0,0,37.47,-101.52,37.73,-101.1,29.2,10
1951,4,26,26/04/1951,KS,0,0,0,37.07,-100.93,0,0,1,10
1951,4,26,26/04/1951,KS,1,0,0,37.17,-101.62,0,0,0.1,10
1951,4,26,26/04/1951,KS,1,0,0,37.08,-101.77,0,0,0.1,10
1951,4,26,26/04/1951,OK,1,0,0,36.82,-100.53,0,0,0.1,10
1951,4,27,27/04/1951,OK,1,2,0,36.33,-98.2,0,0,0.8,200
1951,4,28,28/04/1951,OH,2,5,0,41,-83.67,41.1,-83.4,15.2,10
1951,4,29,29/04/1951,NJ,1,2,0,40.9,-74.6,0,0,0.5,400
1951,4,30,30/04/1951,KS,0,0,0,37.1,-96.5,0,0,0.1,10
1951,4,30,30/04/1951,KS,3,0,0,37.63,-98.75,37.77,-98.58,12.8,440
1951,4,30,30/04/1951,NE,1,0,0,41.08,-98,0,0,0.3,50
1951,4,30,30/04/1951,OK,1,0,0,34.62,-98.08,0,0,0.1,10
1951,4,30,30/04/1951,OK,2,0,0,35.5,-97.58,0,0,1.5,200
1951,4,30,30/04/1951,OK,3,0,0,35.43,-97.58,35.5,-97.48,7.4,200
1951,5,2,02/05/1951,KS,1,0,0,39.03,-95.8,0,0,0.1,10
1951,5,2,02/05/1951,KS,1,0,0,39.4,-95.4,0,0,0.1,10
1951,5,3,03/05/1951,MI,2,0,0,42.7,-84.05,42.73,-84,2.3,150
1951,5,8,08/05/1951,KS,1,0,0,38.38,-101.55,0,0,0.1,10
1951,5,9,09/05/1951,KS,0,0,0,38.78,-95.55,0,0,0.1,10
1951,5,9,09/05/1951,KS,1,0,0,39.3,-95.5,39.33,-95.47,2.3,10
1951,5,9,09/05/1951,OK,1,0,0,34.45,-98.32,0,0,0.1,10
1951,5,9,09/05/1951,OK,2,1,0,34,-96.6,34.18,-96.47,14.8,100
1951,5,9,09/05/1951,TX,2,0,0,33.93,-98.68,33.93,-98.77,4.9,33
1951,5,11,11/05/1951,PA,2,1,0,40.12,-79.12,40.05,-78.98,8,10
1951,5,11,11/05/1951,VA,1,0,0,37.55,-76.73,0,0,0.1,10
1951,5,13,13/05/1951,KS,1,0,0,39.08,-99.5,0,0,0.1,10
1951,5,13,13/05/1951,NE,0,0,0,41.58,-99.93,0,0,0.1,10
1951,5,14,14/05/1951,KS,2,0,0,39.37,-101.37,0,0,0.1,10
1951,5,14,14/05/1951,KS,2,0,0,37,-101.9,0,0,0.1,10
1951,5,14,14/05/1951,KS,3,4,0,39.78,-101.33,0,0,0.1,10
1951,5,14,14/05/1951,OK,2,0,0,36.9,-101.9,0,0,0.1,10
1951,5,14,14/05/1951,OK,2,0,0,36.87,-101.9,0,0,0.1,10
1951,5,15,15/05/1951,TX,1,0,0,34.5,-102.3,0,0,0.1,10
1951,5,16,16/05/1951,OK,0,0,0,35.2,-99.87,0,0,0.1,10
1951,5,17,17/05/1951,CO,0,0,0,39.33,-104.62,0,0,0.1,10
1951,5,18,18/05/1951,OK,1,0,0,34.78,-98.28,0,0,0.1,10
1951,5,18,18/05/1951,OK,1,0,0,34.78,-98.27,0,0,0.1,10
1951,5,18,18/05/1951,OK,1,0,0,34.78,-98.23,0,0,0.1,10
1951,5,18,18/05/1951,TX,4,100,2,33.42,-98.75,0,0,2,200
1951,5,19,19/05/1951,OK,0,0,0,35.43,-99.63,0,0,0.1,220
1951,5,19,19/05/1951,OK,1,0,0,35.33,-99.87,0,0,0.1,10
1951,5,19,19/05/1951,OK,2,0,0,36,-98.95,0,0,2,67
1951,5,20,20/05/1951,CO,0,0,0,40.98,-102.27,0,0,0.1,10
1951,5,20,20/05/1951,CO,0,0,0,40.98,-102.27,41.02,-102.15,6.1,10
1951,5,20,20/05/1951,CO,1,0,0,40.98,-102.27,41.05,-102.08,10.3,10
1951,5,20,20/05/1951,KS,2,0,0,37.97,-101.25,0,0,1,10
1951,5,20,20/05/1951,KS,3,0,0,37.9,-101.2,38.02,-101.02,12.8,900
1951,5,20,20/05/1951,KS,3,0,0,39.78,-101.38,0,0,0.1,10
1951,5,21,21/05/1951,KS,1,0,0,37.53,-101.75,0,0,0.1,10
1951,5,21,21/05/1951,KS,2,0,0,39.03,-96.97,0,0,0.1,10
1951,5,23,23/05/1951,GA,1,0,0,31.83,-81.5,0,0,0.3,300
1951,5,23,23/05/1951,GA,2,0,0,31.3,-83.83,31.27,-83.68,9.2,50
1951,5,24,24/05/1951,TX,1,0,1,33.37,-99.9,0,0,0.5,20
1951,5,25,25/05/1951,KS,1,0,0,39.45,-97.5,0,0,0.1,10
1951,5,25,25/05/1951,KS,2,0,0,39.93,-97.43,0,0,0.1,10
1951,5,25,25/05/1951,KS,3,0,1,39.27,-97.18,39.32,-97.13,4.1,440
1951,5,25,25/05/1951,MO,1,0,0,40.4,-95.17,0,0,0.2,10
1951,5,26,26/05/1951,FL,1,0,0,30.18,-82.63,0,0,0.1,10
1951,5,26,26/05/1951,FL,1,0,3,29.85,-84.68,0,0,0.1,10
1951,5,30,30/05/1951,KS,0,0,0,39.28,-97.02,0,0,0.1,10
1951,5,30,30/05/1951,KS,0,0,0,39.47,-95.73,0,0,0.1,10
1951,5,30,30/05/1951,KS,0,0,0,39.4,-96.03,0,0,0.1,10
1951,5,30,30/05/1951,KS,0,0,0,39.25,-96.58,0,0,0.1,10
1951,5,30,30/05/1951,KS,0,0,0,39.4,-97.18,0,0,0.1,10
1951,5,30,30/05/1951,KS,1,0,0,38.83,-99.27,38.87,-99.32,3,10
1951,5,30,30/05/1951,KS,1,0,0,39.13,-97.05,39.22,-96.93,8.3,10
1951,5,30,30/05/1951,KS,1,0,0,39.35,-96.45,39.4,-96.32,7.7,10
1951,5,30,30/05/1951,NE,1,0,0,40.47,-101.55,0,0,2,33
1951,5,30,30/05/1951,NE,2,7,0,41.9,-103.5,41.73,-103.18,19.7,10
1951,5,31,31/05/1951,KS,2,0,0,39.37,-95.4,39.4,-95.35,3,440
1951,5,31,31/05/1951,TX,1,0,0,35.77,-101.38,0,0,0.5,17
1951,6,1,01/06/1951,IA,3,7,0,42.07,-92.92,0,0,1.5,880
1951,6,1,01/06/1951,KS,1,0,0,39.73,-97.98,39.78,-97.78,11,10
1951,6,1,01/06/1951,MI,1,1,0,42.75,-84.75,0,0,0.5,10
1951,6,5,05/06/1951,NM,0,0,0,33.1,-104.8,0,0,2,10
1951,6,5,05/06/1951,OK,2,0,0,36.53,-101.8,0,0,0.1,10
1951,6,6,06/06/1951,CO,2,1,0,38.73,-103.58,38.77,-103.5,4.7,217
1951,6,6,06/06/1951,KS,0,0,0,37.77,-98.57,0,0,0.1,10
1951,6,6,06/06/1951,KS,0,0,0,37.52,-98.82,0,0,0.1,10
1951,6,6,06/06/1951,KS,1,0,0,38.88,-99.92,38.93,-99.88,3,400
1951,6,6,06/06/1951,KS,1,0,0,37.63,-98.9,37.65,-98.73,9,10
1951,6,6,06/06/1951,KS,1,0,0,37.78,-98.87,0,0,0.1,10
1951,6,6,06/06/1951,KS,1,0,0,39.18,-99.03,0,0,0.1,10
1951,6,6,06/06/1951,KS,1,0,0,37.68,-97.12,0,0,0.1,10
1951,6,6,06/06/1951,KS,2,3,0,37.58,-101.33,0,0,0.1,10
1951,6,6,06/06/1951,KS,3,3,0,37.58,-101.37,37.03,-100.93,44.8,10
1951,6,6,06/06/1951,OK,0,0,0,34.83,-99.47,0,0,0.2,33
1951,6,6,06/06/1951,OK,2,0,0,34.7,-97.7,34.73,-97.65,3.8,450
1951,6,6,06/06/1951,TX,0,0,0,35.62,-101.47,0,0,0.1,10
1951,6,6,06/06/1951,TX,0,0,0,35.55,-100.97,0,0,0.1,10
1951,6,6,06/06/1951,TX,1,0,0,35.23,-101.82,0,0,0.1,10
1951,6,6,06/06/1951,TX,2,0,0,34.43,-100.2,34.43,-100.13,3.6,1760
1951,6,6,06/06/1951,TX,3,12,0,35.43,-101.18,35.32,-101.07,10.4,100
1951,6,7,07/06/1951,OK,1,1,0,36.45,-95.75,36.48,-95.65,5.7,33
1951,6,7,07/06/1951,OK,2,0,0,34.5,-99,0,0,0.5,100
1951,6,7,07/06/1951,OK,2,1,0,35.57,-95.27,0,0,0.1,10
1951,6,8,08/06/1951,AL,2,2,0,34.97,-86.43,0,0,0.1,100
1951,6,8,08/06/1951,KS,1,0,0,38.42,-95.62,0,0,0.8,600
1951,6,8,08/06/1951,KS,2,0,0,38.88,-95.35,0,0,0.1,10
1951,6,8,08/06/1951,MO,1,0,0,37.93,-91.88,0,0,0.1,10
1951,6,8,08/06/1951,OK,1,0,0,36.67,-97.33,0,0,0.3,200
1951,6,8,08/06/1951,OK,1,0,0,34.37,-98.72,0,0,0.1,10
1951,6,8,08/06/1951,OK,3,0,0,35.38,-98.8,35.33,-98.62,10.9,173
1951,6,9,09/06/1951,MS,0,0,0,32.9,-90.72,0,0,2,10
1951,6,9,09/06/1951,NC,1,0,0,36,-78.33,36.03,-78.28,3.8,30
1951,6,13,13/06/1951,NC,1,0,0,34.4,-77.53,0,0,1,20
1951,6,13,13/06/1951,VA,2,12,0,37.55,-77.48,37.6,-77.43,4.1,350
1951,6,14,14/06/1951,CO,1,0,0,39,-104.25,0,0,0.1,10
1951,6,14,14/06/1951,ND,0,0,0,46.77,-100.45,0,0,0.1,10
1951,6,15,15/06/1951,KS,0,0,0,39.07,-95.82,0,0,0.5,100
1951,6,15,15/06/1951,TX,1,6,0,32.45,-100.02,32.45,-99.93,4.9,20
1951,6,16,16/06/1951,TX,2,0,0,32.45,-97.42,32.45,-97.17,14.5,20
1951,6,17,17/06/1951,KS,0,0,0,38,-101.78,0,0,0.1,10
1951,6,17,17/06/1951,KS,0,0,0,39.07,-100.23,0,0,0.7,10
1951,6,17,17/06/1951,KS,0,0,0,39.07,-100.3,0,0,0.1,10
1951,6,17,17/06/1951,KS,0,0,0,38.62,-95.08,0,0,0.1,10
1951,6,18,18/06/1951,CO,2,0,0,38.15,-103.97,38.18,-103.42,29.9,10
1951,6,19,19/06/1951,IA,1,0,0,43.38,-96.25,0,0,0.5,17
1951,6,19,19/06/1951,KS,0,0,0,37.1,-99.1,0,0,0.1,10
1951,6,19,19/06/1951,MN,4,20,1,44.88,-94.37,45.22,-93.35,52.6,330
1951,6,19,19/06/1951,NE,1,0,0,42.95,-103.88,42.98,-103.78,4.7,110
1951,6,19,19/06/1951,WI,2,0,0,43.62,-88.5,0,0,1,467
1951,6,20,20/06/1951,KS,1,0,0,39.28,-100.95,0,0,0.1,10
1951,6,20,20/06/1951,KS,2,0,0,38.47,-101.37,38.48,-100.47,48.6,10
1951,6,20,20/06/1951,OK,1,0,0,36.3,-98.18,0,0,0.1,10
1951,6,21,21/06/1951,IN,3,4,0,41.12,-86.48,41.12,-86.35,5.4,1760
1951,6,21,21/06/1951,KS,1,0,0,39.37,-98.88,39.4,-98.47,22.2,10
1951,6,21,21/06/1951,KS,2,0,0,38.53,-99.32,0,0,0.1,10
1951,6,21,21/06/1951,OK,1,0,0,36.63,-102.78,36.67,-102.72,4.3,10
1951,6,22,22/06/1951,KS,0,0,0,37.83,-96.3,0,0,0.1,10
1951,6,22,22/06/1951,OH,2,0,0,41.42,-81.85,0,0,1,100
1951,6,23,23/06/1951,KS,1,0,1,37.12,-101.62,0,0,0.1,10
1951,6,23,23/06/1951,KS,2,5,1,37.18,-101.35,0,0,0.1,10
1951,6,24,24/06/1951,SC,1,0,0,33.32,-81.13,0,0,0.1,10
1951,6,25,25/06/1951,CO,1,1,0,40.85,-102.5,40.58,-102.33,20.2,10
1951,6,25,25/06/1951,IA,2,8,0,43.22,-93.8,0,0,0.8,500
1951,6,25,25/06/1951,MN,2,0,0,43.57,-94.77,43.6,-94.48,14.2,10
1951,6,25,25/06/1951,NE,2,1,0,41.1,-103.05,41.22,-102.92,10.4,57
1951,6,26,26/06/1951,MI,1,0,0,43.67,-84.33,0,0,0.1,10
1951,6,26,26/06/1951,WV,1,1,0,39.13,-81.7,39.13,-81.7,0.1,250
1951,6,27,27/06/1951,IL,3,35,0,39.95,-89.17,39.95,-88.98,9.6,300
1951,6,27,27/06/1951,IL,3,15,1,40.27,-89.47,40.27,-89.12,18.2,200
1951,6,27,27/06/1951,KS,1,0,0,38.87,-99.37,0,0,0.1,10
1951,6,27,27/06/1951,KS,4,100,5,39.03,-99.88,0,0,0.8,300
1951,6,27,27/06/1951,OH,1,0,0,39.5,-84.58,39.53,-84.5,4.7,10
1951,6,27,27/06/1951,PA,2,0,0,40.58,-79.25,40.87,-79.18,19.7,10
1951,6,27,27/06/1951,VA,1,0,0,37.12,-76.53,0,0,0.1,10
1951,7,2,02/07/1951,TX,2,0,0,34.18,-102.12,0,0,1,20
1951,7,3,03/07/1951,WI,2,0,0,43.48,-90.23,0,0,0.5,50
1951,7,4,04/07/1951,KS,0,0,0,37.58,-99.6,0,0,0.1,10
1951,7,4,04/07/1951,MO,2,1,0,37.15,-94.47,0,0,0.1,100
1951,7,6,06/07/1951,NC,1,0,0,33.92,-78.23,0,0,0.1,10
1951,7,7,07/07/1951,KS,2,0,0,39.25,-99.57,0,0,0.1,10
1951,7,7,07/07/1951,NE,0,0,0,40.85,-101.55,40.88,-101.45,5.1,10
1951,7,8,08/07/1951,MO,2,0,0,39.22,-94.02,39.25,-94.02,2.3,100
1951,7,8,08/07/1951,SD,2,1,0,45.37,-96.83,0,0,0.1,10
1951,7,9,09/07/1951,IN,2,0,0,40.48,-86.12,0,0,1,1760
1951,7,9,09/07/1951,MO,1,0,0,36.55,-91.7,0,0,2,440
1951,7,13,13/07/1951,NE,0,0,0,41.23,-102.58,0,0,0.1,10
1951,7,15,15/07/1951,OK,0,0,0,34.8,-94.8,0,0,0.1,100
1951,7,15,15/07/1951,OK,0,0,0,34.8,-94.8,0,0,0.1,100
1951,7,15,15/07/1951,OK,2,0,0,34.8,-94.8,0,0,0.1,100
1951,7,17,17/07/1951,IA,1,2,0,43.18,-95.87,0,0,0.1,10
1951,7,20,20/07/1951,MN,3,40,5,44.93,-93.5,44.88,-93.27,11.6,10
1951,7,20,20/07/1951,SD,2,4,0,44.9,-96.08,0,0,1,10
1951,7,21,21/07/1951,MI,2,0,0,42.15,-83.55,0,0,0.5,217
1951,7,21,21/07/1951,PA,0,0,0,41.8,-76.47,0,0,0.1,10
1951,7,22,22/07/1951,FL,2,0,0,27.73,-82.43,0,0,0.1,10
1951,7,22,22/07/1951,KS,2,0,0,39.48,-97.58,39.4,-97.48,7.7,10
1951,7,27,27/07/1951,OK,1,0,0,36.13,-99.8,0,0,0.1,10
1951,8,6,06/08/1951,KS,0,0,0,37.55,-99.63,0,0,0.1,10
1951,8,7,07/08/1951,KS,0,0,0,38.75,-99.83,0,0,0.1,10
1951,8,7,07/08/1951,KS,1,0,0,37.05,-101.77,0,0,0.1,10
1951,8,8,08/08/1951,NE,1,0,0,41.75,-103.25,41.77,-103.2,0.1,440
1951,8,9,09/08/1951,NC,2,0,0,35.75,-81.33,0,0,0.5,100
1951,8,10,10/08/1951,KS,1,0,0,39.87,-101.67,39.87,-101.62,2.3,250
1951,8,10,10/08/1951,NM,0,0,0,36.67,-103.95,36.78,-103.78,12.2,30
1951,8,10,10/08/1951,OK,1,2,0,35.8,-97.2,35.88,-97.17,5.9,200
1951,8,13,13/08/1951,KS,1,0,0,38.23,-97.77,0,0,0.1,10
1951,8,13,13/08/1951,KS,1,0,0,38.23,-97.77,0,0,0.1,10
1951,8,14,14/08/1951,ND,1,0,0,46.38,-102.25,0,0,0.1,10
1951,8,15,15/08/1951,MI,1,0,0,42.67,-84.83,42.7,-84.78,2.3,100
1951,8,15,15/08/1951,MI,1,0,0,43.18,-83.22,0,0,0.2,300
1951,8,15,15/08/1951,MI,2,0,0,42.9,-84.88,43,-84.33,28.5,333
1951,8,20,20/08/1951,CT,2,0,0,41.87,-72.25,0,0,0.1,50
1951,8,21,21/08/1951,CT,2,9,0,41.62,-73.42,41.8,-72.6,43.9,100
1951,8,21,21/08/1951,CT,3,8,0,41.58,-72.5,0,0,0.1,10
1951,8,21,21/08/1951,MA,2,0,0,42.7,-71.13,42.77,-70.97,9.3,100
1951,8,21,21/08/1951,NH,2,0,0,42.83,-71.13,42.9,-71.07,4.9,67
1951,8,22,22/08/1951,LA,1,0,0,30.25,-93.42,0,0,0.5,33
1951,8,23,23/08/1951,KS,0,0,0,38.58,-99.57,0,0,0.1,10
1951,8,24,24/08/1951,KS,0,0,0,38.67,-95.17,0,0,0.1,10
1951,8,24,24/08/1951,KS,2,0,0,39.78,-100.92,39.8,-100.85,3.3,100
1951,8,26,26/08/1951,IA,1,0,0,42.85,-95.95,42.92,-95.87,5.6,140
1951,8,31,31/08/1951,KS,1,0,0,38.67,-97.67,0,0,0.1,10
1951,8,31,31/08/1951,KS,1,0,0,38.67,-96.95,0,0,0.1,10
1951,8,31,31/08/1951,OK,1,0,0,36.73,-98.67,0,0,0.5,440
1951,9,2,02/09/1951,LA,1,0,0,31.92,-92.73,0,0,0.5,100
1951,9,9,09/09/1951,MS,2,0,0,33.5,-88.43,0,0,0.1,100
1951,9,9,09/09/1951,OK,2,0,0,36.62,-95.02,0,0,2,67
1951,9,12,12/09/1951,WI,3,1,0,44.63,-92.08,44.92,-91.75,24.4,200
1951,9,23,23/09/1951,KS,0,0,0,38.62,-99.52,0,0,0.8,100
1951,9,26,26/09/1951,MI,2,3,1,43.78,-85.87,43.78,-85.8,2.3,440
1951,9,26,26/09/1951,WI,4,9,1,43.47,-89.25,43.53,-89.08,9,100
1951,9,26,26/09/1951,WI,4,3,6,44.33,-89.3,44.47,-88.78,26.4,100
1951,9,27,27/09/1951,LA,2,0,0,29.87,-90.13,0,0,1,20
1951,10,21,21/10/1951,OK,1,0,0,36.53,-97.07,0,0,2,880
1951,10,23,23/10/1951,AR,2,4,0,35,-93.5,0,0,0.1,10
1951,11,1,01/11/1951,LA,1,0,0,30.08,-89.8,0,0,0.3,100
1951,11,1,01/11/1951,VA,1,0,0,37.22,-76.52,0,0,0.1,230
1951,11,13,13/11/1951,IL,2,0,0,40.2,-89.72,40.6,-88.98,47.4,50
1951,11,13,13/11/1951,IL,2,7,0,37.9,-89.53,37.97,-89.43,7.1,250
1951,11,13,13/11/1951,IN,2,0,0,41.6,-87.33,0,0,0.3,400
1951,11,13,13/11/1951,KY,3,11,1,37.02,-88.33,0,0,2,10
1951,11,13,13/11/1951,MO,3,1,0,36.62,-89.75,0,0,1,27
1951,11,14,14/11/1951,TN,2,0,0,35.22,-87.03,0,0,0.2,10
1951,11,15,15/11/1951,AL,2,2,0,34.2,-86.7,0,0,0.1,150
1951,11,15,15/11/1951,AL,2,6,0,34.83,-87.8,0,0,1.5,177
1951,11,16,16/11/1951,AL,2,1,0,34.08,-86.52,0,0,1.5,10
1951,11,16,16/11/1951,GA,1,0,0,31.53,-84.17,0,0,0.5,100
1951,12,4,04/12/1951,FL,1,0,0,28.12,-82.03,0,0,0.1,27
1951,12,6,06/12/1951,IL,3,1,1,41.33,-89.18,41.65,-89.12,21.9,150
1951,12,6,06/12/1951,OR,1,0,0,44.18,-123.23,0,0,0.3,50
1951,12,8,08/12/1951,MS,0,0,0,32.17,-90.8,0,0,0.5,350
1951,12,18,18/12/1951,FL,1,0,0,30.35,-81.75,0,0,0.5,33
1951,12,18,18/12/1951,FL,1,0,0,27.77,-82.63,0,0,2.8,100
1951,12,18,18/12/1951,FL,2,0,0,27.75,-81.8,0,0,0.1,150
1951,12,18,18/12/1951,FL,2,0,0,27.78,-81.53,0,0,0.1,10
1951,12,18,18/12/1951,MA,2,0,0,41.37,-70.53,0,0,0.1,10
1951,12,20,20/12/1951,MS,1,0,0,33.13,-89.05,0,0,2,900
1952,1,17,17/01/1952,PA,2,0,0,41.6,-80.3,0,0,0.5,400
1952,1,22,22/01/1952,AL,1,0,0,32.92,-85.97,0,0,0.1,10
1952,1,22,22/01/1952,GA,2,8,0,31.27,-84.02,31.33,-83.9,8.7,350
1952,1,26,26/01/1952,AR,1,0,0,34.42,-91.4,0,0,0.1,10
1952,1,26,26/01/1952,AR,1,0,0,34.48,-91.55,0,0,0.1,10
1952,1,28,28/01/1952,FL,1,3,0,30.47,-85.25,0,0,0.5,17
1952,1,28,28/01/1952,FL,2,0,0,30.5,-84.23,0,0,1.5,33
1952,1,28,28/01/1952,GA,1,0,0,33.03,-83.97,33.03,-83.9,3.8,400
1952,1,28,28/01/1952,GA,1,1,0,31.58,-84.17,0,0,2,100
1952,1,28,28/01/1952,GA,1,2,0,31.47,-83.5,0,0,0.1,400
1952,1,28,28/01/1952,GA,1,1,0,32.58,-82.33,0,0,0.1,33
1952,1,28,28/01/1952,GA,2,0,0,31.52,-83.78,0,0,1,100
1952,2,1,01/02/1952,TX,2,0,0,30.08,-93.77,0,0,1,67
1952,2,13,13/02/1952,AL,1,6,0,34.02,-86.75,34.07,-86.67,6,400
1952,2,13,13/02/1952,AL,3,14,1,33.57,-87.67,33.62,-87.62,5.6,100
1952,2,13,13/02/1952,AL,3,26,1,33.6,-86.93,0,0,0.1,200
1952,2,13,13/02/1952,AR,2,5,0,35.95,-90.15,0,0,0.3,10
1952,2,13,13/02/1952,LA,0,0,0,32.98,-94,0,0,1,133
1952,2,13,13/02/1952,MO,2,0,0,36.07,-89.93,36.15,-89.87,6.8,100
1952,2,13,13/02/1952,MS,0,0,0,32.77,-89.1,0,0,0.1,10
1952,2,13,13/02/1952,MS,1,1,0,33.85,-88.47,0,0,0.1,10
1952,2,13,13/02/1952,MS,1,2,0,30.42,-89.48,0,0,0.1,10
1952,2,13,13/02/1952,TN,1,0,0,36.05,-87.03,0,0,0.3,200
1952,2,13,13/02/1952,TN,1,0,0,35.23,-86.82,0,0,0.2,400
1952,2,13,13/02/1952,TN,2,0,0,36,-88.12,0,0,0.3,300
1952,2,13,13/02/1952,TN,3,2,0,35.22,-86.6,35.22,-86.47,7.4,350
1952,2,13,13/02/1952,TN,3,2,0,35.25,-85.83,35.27,-85.75,5.1,400
1952,2,13,13/02/1952,TN,4,44,3,35.2,-86.3,35.22,-86.08,12.7,100
1952,2,19,19/02/1952,LA,2,5,0,32.35,-94,0,0,0.5,200
1952,2,20,20/02/1952,FL,2,4,0,30.17,-85.7,0,0,1.5,73
1952,2,26,26/02/1952,FL,1,0,0,26.57,-80.12,0,0,1.5,17
1952,2,29,29/02/1952,AL,3,12,0,34.5,-85.7,34.53,-85.67,3.3,400
1952,2,29,29/02/1952,GA,2,0,0,34.4,-83.33,34.42,-83.2,7.8,77
1952,2,29,29/02/1952,GA,2,3,0,34.37,-83.58,34.37,-83.42,9.4,300
1952,2,29,29/02/1952,GA,2,5,0,34.12,-83.67,0,0,0.2,17
1952,2,29,29/02/1952,TN,1,166,3,35.42,-86.7,0,0,0.1,100
1952,2,29,29/02/1952,TN,2,0,0,35.53,-85.85,0,0,1,400
1952,2,29,29/02/1952,TN,2,0,0,35.3,-84.67,35.45,-84.47,15.3,587
1952,2,29,29/02/1952,TN,4,150,2,35.15,-86.58,0,0,2,300
1952,3,2,02/03/1952,TX,0,0,0,32.97,-96.58,0,0,0.2,10
1952,3,3,03/03/1952,AL,3,6,0,33.33,-87.9,33.37,-87.87,3.3,440
1952,3,3,03/03/1952,AR,1,0,0,35.13,-93.93,0,0,0.6,50
1952,3,3,03/03/1952,GA,3,4,0,32.8,-83.68,32.78,-83.62,4.3,400
1952,3,10,10/03/1952,LA,3,0,0,32.23,-93.65,32.78,-93.07,50.9,650
1952,3,13,13/03/1952,GA,1,0,0,31.65,-84.17,0,0,1,150
1952,3,17,17/03/1952,TX,0,0,0,32.92,-98.25,0,0,0.5,20
1952,3,17,17/03/1952,TX,1,0,0,33.88,-98.58,0,0,0.1,33
1952,3,18,18/03/1952,IL,1,1,0,39.18,-90.37,39.22,-90.32,3,10
1952,3,18,18/03/1952,IL,2,0,0,38.1,-89.93,38.15,-89.87,4.9,100
1952,3,18,18/03/1952,MO,2,1,0,37.75,-90.5,37.88,-90.22,18.4,100
1952,3,18,18/03/1952,MO,2,0,0,37.37,-89.78,37.45,-89.73,6.2,500
1952,3,21,21/03/1952,AR,0,5,1,34.72,-91.57,0,0,0.1,417
1952,3,21,21/03/1952,AR,2,6,0,34.95,-92.42,0,0,0.1,10
1952,3,21,21/03/1952,AR,2,15,5,34.8,-91.8,34.98,-91.73,13.3,417
1952,3,21,21/03/1952,AR,3,0,0,34.72,-92.82,34.78,-92.52,17.7,440
1952,3,21,21/03/1952,AR,3,0,0,35.13,-91.45,35.27,-91.18,17.6,600
1952,3,21,21/03/1952,AR,3,6,0,35.47,-91.2,35.8,-90.97,28.5,440
1952,3,21,21/03/1952,AR,3,5,1,35.53,-90.42,35.62,-90.28,9.4,200
1952,3,21,21/03/1952,AR,3,57,1,35.67,-90.52,35.95,-89.9,39.7,880
1952,3,21,21/03/1952,AR,3,96,3,35.6,-90.72,35.67,-90.52,51.8,880
1952,3,21,21/03/1952,AR,3,9,9,34.53,-91.8,34.73,-91.65,16.2,10
1952,3,21,21/03/1952,AR,4,6,2,34.9,-91.85,34.8,-91.8,7.6,10
1952,3,21,21/03/1952,AR,4,5,4,35.42,-91,0,0,0.1,880
1952,3,21,21/03/1952,AR,4,9,7,34.02,-94.02,34.22,-93.97,13,833
1952,3,21,21/03/1952,AR,4,180,29,35,-91.25,35.13,-91.08,13.1,880
1952,3,21,21/03/1952,AR,4,325,50,35.22,-91.7,35.37,-91.52,14.6,1760
1952,3,21,21/03/1952,MO,4,100,17,36.05,-89.82,36.07,-89.7,6.5,880
1952,3,21,21/03/1952,MS,0,1,0,32.47,-90.12,0,0,0.1,20
1952,3,21,21/03/1952,MS,4,74,16,34.87,-89.68,35.12,-89.28,29.6,427
1952,3,21,21/03/1952,TN,2,0,0,35.85,-87.68,0,0,0.3,500
1952,3,21,21/03/1952,TN,2,8,1,35.93,-88.5,0,0,0.1,150
1952,3,21,21/03/1952,TN,2,2,2,35.8,-88.78,0,0,0.1,150
1952,3,21,21/03/1952,TN,3,3,0,35.85,-88.67,0,0,0.1,100
1952,3,21,21/03/1952,TN,3,19,0,36.02,-88.27,36.07,-88.2,5.1,177
1952,3,21,21/03/1952,TN,3,30,10,35.95,-89.43,36.13,-89.2,18.1,1000
1952,3,21,21/03/1952,TN,4,10,2,36.02,-89.2,36.08,-89.18,4.7,200
1952,3,21,21/03/1952,TN,4,5,4,36.1,-89.27,0,0,2,200
1952,3,21,21/03/1952,TN,4,157,38,35.27,-88.98,35.63,-88.28,46.8,177
1952,3,22,22/03/1952,AL,4,50,4,34.6,-87,34.68,-86.63,21.6,100
1952,3,22,22/03/1952,KY,3,18,0,37.53,-85.72,37.55,-85.67,2.7,10
1952,3,22,22/03/1952,TN,1,1,0,36.25,-85.93,0,0,0.3,10
1952,3,22,22/03/1952,TN,2,10,3,35.87,-87.58,0,0,0.5,40
1952,4,3,03/04/1952,LA,1,0,0,32.95,-92.83,0,0,2,67
1952,4,3,03/04/1952,TX,2,1,0,33.6,-96.7,33.63,-96.63,4.9,200
1952,4,4,04/04/1952,AL,1,2,0,30.7,-88.28,0,0,0.2,200
1952,4,4,04/04/1952,FL,1,1,0,30.17,-85.7,0,0,0.1,20
1952,4,4,04/04/1952,LA,2,3,0,29.87,-91.62,29.93,-91.55,6.4,20
1952,4,4,04/04/1952,LA,2,33,4,30.37,-92.13,30.4,-91.8,20.4,67
1952,4,4,04/04/1952,LA,3,10,0,30.17,-92.87,30.37,-92.3,36.7,100
1952,4,5,05/04/1952,MD,0,0,0,39.12,-75.75,0,0,0.3,33
1952,4,5,05/04/1952,MD,1,0,0,39.45,-77.55,0,0,1,50
1952,4,5,05/04/1952,MD,1,1,0,39.63,-77.42,0,0,1,50
1952,4,5,05/04/1952,NC,2,0,0,35.8,-78.88,35.9,-78.88,6.9,300
1952,4,5,05/04/1952,NJ,1,0,0,40.63,-74.32,0,0,0.2,33
1952,4,5,05/04/1952,PA,0,6,0,40.23,-76.8,0,0,0.1,10
1952,4,5,05/04/1952,PA,1,0,0,41.12,-75.28,0,0,1,10
1952,4,5,05/04/1952,PA,3,4,0,39.8,-76.98,39.95,-76.72,17.5,10
1952,4,5,05/04/1952,VA,2,2,0,38.22,-78.83,0,0,1,150
1952,4,5,05/04/1952,VA,2,0,0,38.37,-78.73,38.42,-78.67,4.9,10
1952,4,8,08/04/1952,KS,1,0,0,37.87,-99.47,0,0,0.1,10
1952,4,8,08/04/1952,OK,0,0,0,35.25,-99.7,35.85,-99.35,45.9,100
1952,4,13,13/04/1952,OH,1,4,0,40.53,-81.5,0,0,0.1,10
1952,4,18,18/04/1952,TX,1,0,0,32.22,-95.85,0,0,0.8,200
1952,4,20,20/04/1952,OK,0,0,0,34.67,-99.5,0,0,1.5,440
1952,4,20,20/04/1952,OK,0,0,0,34.67,-99.5,0,0,1.5,440
1952,4,20,20/04/1952,OK,0,0,0,34.67,-99.5,0,0,1.5,440
1952,4,20,20/04/1952,OK,1,0,0,34.88,-99.87,36.15,-99.3,0.1,20
1952,4,21,21/04/1952,OK,0,0,0,36.87,-97.33,0,0,0.3,50
1952,4,21,21/04/1952,TX,4,0,0,31.5,-97.45,31.48,-97.42,2.3,200
1952,4,22,22/04/1952,AR,1,0,0,33.32,-93.25,0,0,0.3,150
1952,4,22,22/04/1952,AR,1,0,0,35.9,-91.63,0,0,0.1,100
1952,4,22,22/04/1952,KS,0,0,0,39.18,-96.75,0,0,0.1,10
1952,4,23,23/04/1952,LA,0,0,0,30.88,-90.5,0,0,0.5,20
1952,4,29,29/04/1952,KS,0,0,0,37.08,-100.08,0,0,0.1,10
1952,4,29,29/04/1952,NE,1,0,0,40.15,-99.8,0,0,1,20
1952,4,30,30/04/1952,KS,0,0,0,38.07,-98.67,0,0,0.1,10
1952,4,30,30/04/1952,KS,0,0,0,37.75,-99.83,0,0,0.1,10
1952,4,30,30/04/1952,OK,2,0,0,36.77,-99.08,36.77,-98.83,13.7,200
1952,4,30,30/04/1952,TX,3,6,0,31.45,-100.47,0,0,0.5,100
1952,5,6,06/05/1952,NY,2,0,0,44.33,-74,44.38,-73.92,4.9,200
1952,5,7,07/05/1952,MO,1,0,0,40.1,-94.53,0,0,1.5,400
1952,5,8,08/05/1952,CO,2,1,0,39.48,-102.6,0,0,2.5,200
1952,5,8,08/05/1952,NE,1,0,0,41.18,-103.33,0,0,0.1,10
1952,5,8,08/05/1952,WY,1,0,0,42.93,-104.33,0,0,2,100
1952,5,9,09/05/1952,IN,1,0,0,39.8,-86.07,39.87,-85.78,15.6,13
1952,5,10,10/05/1952,AL,1,0,0,33.73,-87.75,0,0,0.2,50
1952,5,10,10/05/1952,AL,1,0,0,33.73,-87.75,0,0,0.2,50
1952,5,10,10/05/1952,AL,1,0,0,33.73,-87.75,0,0,0.2,50
1952,5,10,10/05/1952,NC,2,6,0,36.1,-77.25,0,0,0.1,10
1952,5,10,10/05/1952,SC,3,4,2,34.8,-82.25,34.8,-81.85,22.7,83
1952,5,11,11/05/1952,GA,3,10,0,31.37,-83.25,31.4,-83.2,4.3,200
1952,5,13,13/05/1952,NE,1,0,0,41.42,-103.07,0,0,0.1,10
1952,5,15,15/05/1952,CO,3,5,0,40.33,-104.57,40.25,-104.47,7.4,150
1952,5,19,19/05/1952,LA,0,0,0,29.6,-90.67,0,0,1,33
1952,5,20,20/05/1952,NC,2,2,0,35.47,-76.38,0,0,1.5,33
1952,5,21,21/05/1952,KS,0,0,0,39.52,-99,0,0,0.1,10
1952,5,21,21/05/1952,KS,2,0,0,39.68,-97.87,0,0,0.2,100
1952,5,22,22/05/1952,KS,4,3,0,38.98,-95.22,39.07,-94.72,26.9,440
1952,5,22,22/05/1952,MO,2,1,0,38.9,-94.27,38.93,-94.23,1.3,440
1952,5,22,22/05/1952,OK,1,0,0,34.75,-97.92,0,0,0.1,10
1952,5,23,23/05/1952,FL,0,1,0,28.55,-82.38,0,0,0.1,10
1952,5,23,23/05/1952,IA,1,0,0,43.33,-93.08,0,0,0.1,10
1952,5,23,23/05/1952,IA,2,0,0,42.75,-92.97,0,0,0.1,17
1952,5,23,23/05/1952,OK,1,0,0,36.02,-96.82,0,0,0.1,10
1952,5,23,23/05/1952,OK,1,0,0,34.67,-98.87,34.83,-98.65,16.9,100
1952,5,23,23/05/1952,OK,2,1,0,34.62,-98.42,0,0,0.3,150
1952,5,23,23/05/1952,OK,2,0,0,34.65,-98.43,0,0,0.1,200
1952,5,23,23/05/1952,TX,0,1,0,32.22,-95.62,0,0,0.5,33
1952,5,23,23/05/1952,TX,1,1,0,31.45,-100.48,31.45,-100.37,7.1,50
1952,5,24,24/05/1952,IL,1,0,0,39.5,-90.02,0,0,0.1,10
1952,5,24,24/05/1952,OH,1,0,0,41.42,-81.5,0,0,0.1,200
1952,5,26,26/05/1952,NE,0,0,0,41.2,-103.03,0,0,2,33
1952,5,30,30/05/1952,FL,2,0,0,27.93,-82.82,0,0,0.1,10
1952,6,1,01/06/1952,OK,1,0,0,35.5,-100,0,0,0.1,10
1952,6,2,02/06/1952,IA,2,1,0,41.9,-95.4,41.88,-95.33,2.3,100
1952,6,4,04/06/1952,AR,2,0,0,36.12,-90.93,0,0,0.1,10
1952,6,4,04/06/1952,OK,1,0,0,36.07,-98.32,0,0,0.1,10
1952,6,5,05/06/1952,TX,1,0,0,33.65,-96.75,33.83,-96.65,13.8,33
1952,6,10,10/06/1952,ND,2,0,0,46.78,-103.02,46.78,-102.8,10.1,10
1952,6,10,10/06/1952,ND,3,0,0,47.07,-104,47.2,-104.03,8.8,300
1952,6,12,12/06/1952,SC,1,0,0,33.42,-81.42,0,0,2,167
1952,6,13,13/06/1952,FL,1,0,0,27.77,-82.62,0,0,2.5,10
1952,6,15,15/06/1952,ND,3,1,0,47.4,-99.55,0,0,1.7,10
1952,6,15,15/06/1952,NE,1,0,0,42.48,-98.67,0,0,1,10
1952,6,15,15/06/1952,OK,1,0,0,35.62,-99.68,0,0,0.1,10
1952,6,18,18/06/1952,AR,0,0,0,34.7,-92.08,0,0,0.1,10
1952,6,19,19/06/1952,KS,2,0,0,37.18,-97.42,37.22,-97.37,3.3,60
1952,6,20,20/06/1952,ND,0,0,0,47.92,-102.13,0,0,0.1,10
1952,6,21,21/06/1952,KS,2,0,0,39.13,-95.15,39.13,-94.68,24.9,10
1952,6,21,21/06/1952,OK,1,0,0,36.28,-98.42,0,0,0.3,440
1952,6,23,23/06/1952,IA,4,4,0,42.75,-95.85,42.9,-95.42,24.1,400
1952,6,23,23/06/1952,MN,2,0,0,45.3,-95.5,45.35,-95.33,8.4,220
1952,6,23,23/06/1952,MN,2,10,0,44,-95.28,44.85,-93.47,104.8,220
1952,6,23,23/06/1952,SD,0,0,0,44.02,-98.1,0,0,2,43
1952,6,23,23/06/1952,WI,3,6,2,45.42,-92.63,45.58,-92.33,18.2,100
1952,6,24,24/06/1952,MN,2,15,0,44.33,-93.85,45.2,-93.07,70.9,267
1952,6,24,24/06/1952,SD,0,0,0,44.18,-101.45,0,0,0.1,10
1952,6,26,26/06/1952,CO,2,0,0,40,-103.6,0,0,7,10
1952,6,26,26/06/1952,KS,2,0,0,39.68,-99.45,39.77,-99.25,12,10
1952,6,26,26/06/1952,NE,2,0,0,40.63,-96.93,40.58,-96.92,2.7,10
1952,6,27,27/06/1952,KS,2,0,0,39.75,-100.12,39.78,-100.08,1.9,100
1952,6,27,27/06/1952,SD,1,0,0,45.2,-99.4,0,0,0.1,10
1952,6,28,28/06/1952,SD,0,0,0,43.45,-99.08,0,0,1,100
1952,6,28,28/06/1952,SD,1,0,0,43.23,-97.58,0,0,0.1,10
1952,6,29,29/06/1952,FL,1,0,0,27.75,-82.65,0,0,0.1,10
1952,6,29,29/06/1952,OK,2,1,0,34.38,-99,0,0,0.1,10
1952,6,30,30/06/1952,TN,1,0,0,36.03,-86.77,0,0,0.3,10
1952,7,1,01/07/1952,ND,2,0,0,47.82,-103.55,47.8,-103.33,9.7,10
1952,7,1,01/07/1952,ND,3,0,0,46.07,-96.95,0,0,0.5,10
1952,7,1,01/07/1952,ND,4,26,1,47.05,-100.5,47.2,-99.5,48,150
1952,7,2,02/07/1952,IA,1,0,0,43.4,-96.1,0,0,0.1,10
1952,7,2,02/07/1952,MN,1,0,0,45.87,-96.18,45.82,-96.12,4.1,217
1952,7,6,06/07/1952,KS,0,0,0,39.73,-101.98,0,0,0.1,10
1952,7,6,06/07/1952,KS,1,0,0,39.83,-100.2,40,-100.13,11.9,10
1952,7,6,06/07/1952,KS,2,0,0,39.27,-101.85,0,0,0.1,10
1952,7,7,07/07/1952,OK,1,0,0,35.33,-97.83,35.37,-97.78,3.6,50
1952,7,9,09/07/1952,ND,2,0,0,47.92,-97.17,0,0,0.1,10
1952,7,12,12/07/1952,NE,1,0,0,41.17,-103,40.92,-102.58,27.6,10
1952,7,13,13/07/1952,OK,1,0,0,35.93,-97.73,0,0,1,10
1952,7,13,13/07/1952,OK,1,0,0,36.32,-95.7,0,0,0.1,10
1952,7,16,16/07/1952,AR,2,0,0,33.45,-93.97,33.47,-93.97,1.1,50
1952,7,16,16/07/1952,AR,2,0,0,33.45,-93.97,33.47,-93.97,1.1,50
1952,7,16,16/07/1952,MN,2,0,0,46.72,-96.53,46.83,-96.42,9.4,333
1952,7,16,16/07/1952,OK,1,0,0,36.87,-100.88,0,0,0.1,30
1952,7,17,17/07/1952,IL,1,0,0,41.1,-90.78,0,0,0.1,10
1952,7,17,17/07/1952,MO,1,0,0,38.97,-91.5,0,0,0.2,10
1952,7,19,19/07/1952,MT,3,0,0,46.37,-104.28,46.37,-103.12,55.5,10
1952,7,19,19/07/1952,MT,3,2,1,46.97,-104.25,47.02,-103.88,16.4,10
1952,7,19,19/07/1952,PA,2,0,0,41.93,-79.75,41.92,-79.63,5.6,27
1952,7,23,23/07/1952,NC,2,0,0,36.25,-77.75,0,0,0.1,10
1952,7,23,23/07/1952,PA,2,4,0,40.62,-77.57,0,0,0.1,10
1952,7,24,24/07/1952,ND,2,0,0,47,-98.67,47,-98.5,7.3,10
1952,7,27,27/07/1952,MN,2,4,0,43.72,-93.48,0,0,1.5,133
1952,7,29,29/07/1952,MS,1,0,0,31.62,-89.53,0,0,0.1,10
1952,8,3,03/08/1952,MS,2,0,0,34.37,-89.52,0,0,0.3,200
1952,8,7,07/08/1952,KS,1,0,0,37.93,-99.42,0,0,0.1,10
1952,8,7,07/08/1952,KS,3,0,0,39,-98.52,39.05,-98.45,4.7,10
1952,8,10,10/08/1952,NJ,1,0,0,40,-74.6,40.42,-74.07,39.3,100
1952,8,12,12/08/1952,TX,1,0,0,33.12,-98.6,0,0,0.7,50
1952,8,13,13/08/1952,NE,3,1,0,41.47,-97.28,41.25,-96.38,44.4,1300
1952,8,13,13/08/1952,NE,4,20,0,41.22,-96.58,40.93,-96.22,26.7,110
1952,8,14,14/08/1952,KS,2,0,0,38.68,-97.02,0,0,1.5,100
1952,8,15,15/08/1952,OK,2,0,0,35.8,-97.5,35.85,-97.43,5.1,77
1952,8,16,16/08/1952,FL,1,0,0,26.77,-80.22,0,0,0.2,17
1952,8,16,16/08/1952,PA,1,0,0,40.62,-76.72,0,0,0.5,30
1952,8,21,21/08/1952,MO,2,13,1,38.68,-93.27,38.7,-93.23,1.3,300
1952,8,27,27/08/1952,MN,1,0,0,45.58,-96.22,45.58,-95.93,13.3,10
1952,8,31,31/08/1952,MD,1,0,0,39.02,-77.22,39.03,-77.23,0.1,70
1952,8,31,31/08/1952,NC,1,0,0,36.25,-80.17,0,0,0.1,10
1952,8,31,31/08/1952,VA,1,0,0,38.78,-77.15,0,0,2,100
1952,9,17,17/09/1952,NC,3,0,0,35.95,-75.6,0,0,1,50
1952,11,14,14/11/1952,AZ,0,0,0,35.13,-112.57,0,0,0.2,200
1952,11,16,16/11/1952,MO,3,2,0,40.45,-95.07,40.57,-94.68,21.6,600
1952,11,17,17/11/1952,AR,2,2,0,34.57,-94.4,34.95,-93.9,39.2,100
1952,11,17,17/11/1952,IA,0,0,0,41.55,-91.08,0,0,0.1,50
1952,11,17,17/11/1952,KS,1,0,0,39.67,-95.87,0,0,0.1,10
1952,11,19,19/11/1952,NC,2,1,0,36.43,-78.72,0,0,1,50
1952,12,3,03/12/1952,TX,2,4,0,30.9,-95.3,30.95,-95.08,13.3,100
1952,12,9,09/12/1952,KY,3,3,0,37.68,-87.3,37.95,-86.73,35,880
1952,12,20,20/12/1952,CA,0,0,0,34.4,-118.53,0,0,0.1,10
1953,1,7,07/01/1953,AR,2,2,0,33.83,-92.17,33.87,-92.1,4.5,100
1953,1,8,08/01/1953,AL,1,0,0,32.62,-86.98,0,0,0.5,167
1953,1,8,08/01/1953,AL,2,0,0,33.42,-86.12,33.45,-86.08,3,867
1953,1,8,08/01/1953,SC,2,2,0,34.02,-79.77,34.12,-79.65,9.6,150
1953,1,9,09/01/1953,FL,1,0,0,28.57,-82.48,0,0,0.5,10
1953,1,9,09/01/1953,FL,1,0,0,28.57,-81.75,0,0,0.1,10
1953,1,9,09/01/1953,FL,2,12,0,27.83,-82.17,27.95,-82.1,9.2,100
1953,1,20,20/01/1953,AL,1,1,0,34.1,-86.5,0,0,0.1,10
1953,1,20,20/01/1953,AL,3,0,0,33.8,-87.23,0,0,1.5,50
1953,1,20,20/01/1953,GA,1,1,0,32.68,-84.9,0,0,0.4,33
1953,1,20,20/01/1953,GA,1,1,0,31.5,-83.55,31.53,-83.42,8.3,150
1953,1,20,20/01/1953,TN,2,0,0,35.7,-85.85,0,0,0.5,500
1953,1,22,22/01/1953,MS,2,1,0,31.55,-90.88,32.12,-90.5,45.2,100
1953,1,23,23/01/1953,AL,3,1,0,31.53,-88,31.57,-87.9,6.5,300
1953,2,6,06/02/1953,LA,3,21,2,30.48,-90.7,30.53,-90.45,15.6,400
1953,2,19,19/02/1953,OK,1,0,0,34.72,-97.62,0,0,1.3,17
1953,2,19,19/02/1953,OK,1,0,0,33.85,-97.03,0,0,0.5,10
1953,2,19,19/02/1953,OK,1,0,0,34.45,-96.97,34.5,-96.92,4.7,67
1953,2,19,19/02/1953,OK,1,0,0,34,-96.75,0,0,0.1,10
1953,2,19,19/02/1953,TX,1,0,0,32.1,-94.6,0,0,0.1,10
1953,2,19,19/02/1953,TX,1,0,0,31.72,-94.83,0,0,0.1,10
1953,2,20,20/02/1953,AL,2,2,0,33.95,-87.8,0,0,0.5,300
1953,2,20,20/02/1953,AL,2,1,0,33.93,-87.37,0,0,0.7,100
1953,2,20,20/02/1953,AL,2,6,0,34.38,-87.07,34.42,-86.95,7.1,220
1953,2,20,20/02/1953,AL,3,8,1,34.7,-87.7,0,0,0.1,20
1953,2,20,20/02/1953,AR,1,0,0,34.77,-91.57,0,0,0.1,33
1953,2,20,20/02/1953,MS,1,0,0,33.52,-89.92,33.7,-89.73,16.5,100
1953,2,20,20/02/1953,MS,1,0,0,34.03,-88.88,34.32,-88.73,21.3,100
1953,2,20,20/02/1953,MS,2,2,0,33.03,-91.02,0,0,1,100
1953,2,20,20/02/1953,MS,2,1,0,34.25,-89.05,34.35,-88.83,14.2,880
1953,3,12,12/03/1953,TX,2,2,0,32.17,-94.33,0,0,2,80
1953,3,13,13/03/1953,OK,2,1,0,34.77,-97.95,35.07,-97.75,23.6,100
1953,3,13,13/03/1953,OK,2,2,0,35.07,-97.48,0,0,2,100
1953,3,13,13/03/1953,OK,2,0,0,35.18,-97.25,0,0,1.3,250
1953,3,13,13/03/1953,OK,2,0,0,35,-94.53,0,0,0.1,100
1953,3,13,13/03/1953,OK,3,8,1,34.88,-97.7,0,0,1,100
1953,3,13,13/03/1953,OK,3,11,2,33.92,-97.27,34.32,-96.65,45.3,200
1953,3,13,13/03/1953,TX,4,25,17,33.28,-99.95,33.42,-99.78,13.9,50
1953,3,14,14/03/1953,AR,2,0,0,35.88,-92.23,36.18,-91.7,36.2,333
1953,3,14,14/03/1953,AR,3,0,0,35.22,-93.95,35.55,-93.37,40.1,880
1953,3,14,14/03/1953,AR,3,7,0,35.28,-93.28,35.4,-93.12,12.2,880
1953,3,14,14/03/1953,IL,2,0,0,38.4,-89.47,38.62,-88.73,42.3,200
1953,3,14,14/03/1953,IN,0,0,0,39.58,-87.47,0,0,0.1,100
1953,3,14,14/03/1953,IN,1,0,0,39.65,-87.18,0,0,0.1,100
1953,3,14,14/03/1953,MO,1,1,0,39.22,-90.75,0,0,0.2,10
1953,3,14,14/03/1953,MS,2,0,1,34.67,-88.43,34.7,-88.4,3.3,10
1953,3,14,14/03/1953,TN,1,0,0,36.08,-89.38,0,0,0.2,10
1953,3,14,14/03/1953,TN,1,0,0,35.75,-89.53,0,0,0.2,10
1953,3,14,14/03/1953,TN,2,8,0,35.47,-89.45,35.67,-89.08,24.8,33
1953,3,14,14/03/1953,TN,2,2,0,35.37,-88.78,35.57,-88.43,24,100
1953,3,14,14/03/1953,TN,2,1,0,36.33,-88.77,0,0,0.3,600
1953,3,14,14/03/1953,TN,3,3,0,35.53,-88.97,35.75,-88.62,24.7,100
1953,3,15,15/03/1953,NC,3,1,0,35.77,-78.1,35.75,-77.57,30.1,27
1953,3,18,18/03/1953,AL,2,2,0,30.7,-88.12,0,0,0.1,10
1953,3,18,18/03/1953,IN,1,0,0,40.77,-84.92,40.73,-84.85,3.3,27
1953,3,18,18/03/1953,IN,2,0,0,41.03,-85.13,41.05,-85.07,1.9,33
1953,3,21,21/03/1953,IA,1,2,0,42.23,-95.68,0,0,0.1,10
1953,3,21,21/03/1953,IA,1,0,0,42.05,-95.72,41.93,-95.87,10.9,600
1953,3,21,21/03/1953,IA,2,0,0,41.88,-92.62,42.05,-92.55,11.7,100
1953,3,21,21/03/1953,IA,3,0,0,43.27,-94.63,43.3,-94,31.8,400
1953,3,21,21/03/1953,MN,2,3,1,45.58,-94.08,0,0,0.1,10
1953,3,21,21/03/1953,MS,1,0,0,34.28,-90.65,34.38,-90.55,9,10
1953,3,22,22/03/1953,AL,2,0,0,34.85,-87.62,0,0,1,200
1953,3,22,22/03/1953,LA,2,22,2,31.1,-93.22,33.52,-90.87,234.7,200
1953,3,22,22/03/1953,MS,1,1,0,31.88,-89.95,32.57,-88.42,101.3,10
1953,3,22,22/03/1953,TN,2,0,0,35.93,-89.65,36.15,-89.18,30.1,100
1953,3,29,29/03/1953,OK,1,0,0,34.58,-98.42,0,0,1,100
1953,3,30,30/03/1953,KS,0,0,0,37.03,-97.78,37.27,-97.75,16.1,10
1953,3,31,31/03/1953,MO,1,0,0,38.37,-94.28,0,0,0.2,10
1953,3,31,31/03/1953,MO,1,0,0,38.47,-94,38.48,-93.95,3,10
1953,4,2,02/04/1953,OK,0,0,0,34.92,-97.67,0,0,0.1,10
1953,4,4,04/04/1953,MS,2,0,0,30.85,-89.13,0,0,0.1,100
1953,4,6,06/04/1953,AL,3,12,0,33.32,-87,0,0,0.5,37
1953,4,6,06/04/1953,FL,2,0,0,30.17,-85.7,0,0,0.1,10
1953,4,9,09/04/1953,IL,2,3,0,40.12,-89.45,40.18,-89.35,6.5,30
1953,4,9,09/04/1953,IL,3,22,3,40.18,-88.22,40.32,-85.23,156.7,750
1953,4,9,09/04/1953,KS,1,0,0,38.5,-100.48,0,0,0.4,70
1953,4,12,12/04/1953,AL,1,0,0,33.85,-86.77,0,0,0.5,100
1953,4,12,12/04/1953,FL,2,0,0,30.37,-85.45,0,0,0.1,10
1953,4,13,13/04/1953,FL,1,1,0,27.38,-80.33,0,0,2,10
1953,4,14,14/04/1953,MS,1,0,0,33.73,-88.77,0,0,0.1,10
1953,4,14,14/04/1953,OK,2,0,0,35.5,-97.83,35.3,-97.68,16.2,440
1953,4,14,14/04/1953,OK,2,0,0,34.37,-96.2,0,0,0.3,23
1953,4,15,15/04/1953,OH,1,0,0,39,-84.18,0,0,2,33
1953,4,15,15/04/1953,TN,1,8,0,35.58,-89.28,0,0,0.5,200
1953,4,15,15/04/1953,TN,1,1,0,35.67,-88.38,0,0,1,300
1953,4,15,15/04/1953,TN,1,2,0,35.62,-88.83,0,0,1.5,300
1953,4,15,15/04/1953,TN,1,1,0,36.33,-88.75,0,0,0.5,150
1953,4,16,16/04/1953,NC,2,0,0,35.57,-77.18,0,0,2,100
1953,4,18,18/04/1953,AL,3,495,8,32.6,-85.58,32.48,-84.92,39.8,400
1953,4,18,18/04/1953,GA,2,1,0,32.3,-84.02,0,0,1,200
1953,4,18,18/04/1953,GA,2,2,0,32.32,-84.52,0,0,0.2,700
1953,4,23,23/04/1953,AR,3,0,0,35.48,-94.22,0,0,0.1,880
1953,4,23,23/04/1953,OK,1,0,0,33.95,-95.08,0,0,0.1,10
1953,4,23,23/04/1953,OK,2,1,0,33.9,-94.83,0,0,1,200
1953,4,23,23/04/1953,OK,2,4,1,35.37,-96.08,0,0,1.5,300
1953,4,23,23/04/1953,OK,2,14,1,34.03,-94.57,0,0,0.8,17
1953,4,24,24/04/1953,AR,2,0,0,33.42,-94,0,0,1,100
1953,4,24,24/04/1953,IA,1,0,0,41.83,-91.95,0,0,0.1,10
1953,4,24,24/04/1953,MS,2,0,0,31.72,-91.07,32.58,-89.77,96.7,30
1953,4,27,27/04/1953,CA,2,0,0,37.65,-121,0,0,0.1,10
1953,4,28,28/04/1953,NE,0,0,0,41.73,-98.93,0,0,0.9,30
1953,4,28,28/04/1953,NE,1,0,0,40.88,-97.75,0,0,0.1,10
1953,4,28,28/04/1953,OK,0,0,0,36.45,-99.38,0,0,0.1,27
1953,4,28,28/04/1953,OK,1,0,0,34.45,-95.3,0,0,0.1,100
1953,4,28,28/04/1953,TX,3,3,0,30,-97.17,0,0,0.5,200
1953,4,28,28/04/1953,TX,3,5,1,29.55,-98.53,29.58,-98.47,4.9,200
1953,4,28,28/04/1953,TX,4,15,2,29.57,-98.7,0,0,1,1760
1953,4,29,29/04/1953,LA,2,0,0,32.48,-92.53,32.62,-92.42,11.5,200
1953,4,30,30/04/1953,GA,1,5,0,32.52,-83.88,0,0,1,100
1953,4,30,30/04/1953,GA,2,3,0,32.33,-84.5,0,0,0.3,20
1953,4,30,30/04/1953,GA,2,0,0,32.63,-83.7,32.67,-83.62,5.6,200
1953,4,30,30/04/1953,GA,2,3,1,32.78,-83.5,0,0,0.5,10
1953,4,30,30/04/1953,GA,3,2,1,32.7,-83.35,0,0,2,10
1953,4,30,30/04/1953,GA,4,300,18,32.6,-83.6,0,0,1,333
1953,4,30,30/04/1953,NC,1,0,0,35,-77.67,0,0,0.1,10
1953,4,30,30/04/1953,VA,0,0,0,36.7,-81.98,0,0,1,220
1953,5,1,01/05/1953,AL,1,0,0,33.62,-86.62,0,0,0.1,10
1953,5,1,01/05/1953,AL,2,2,0,33.03,-86.75,0,0,1.5,100
1953,5,1,01/05/1953,AL,4,3,2,32.25,-88.38,0,0,0.1,100
1953,5,1,01/05/1953,AL,4,12,7,33.22,-85.93,33.3,-85.75,12.1,440
1953,5,2,02/05/1953,LA,1,0,0,29.92,-91,0,0,1,100
1953,5,2,02/05/1953,TN,2,0,0,36.03,-84.07,0,0,0.8,100
1953,5,2,02/05/1953,TN,4,8,4,35.52,-84.78,35.53,-84.72,4.2,33
1953,5,2,02/05/1953,VA,2,0,0,36.62,-77.63,0,0,2,100
1953,5,4,04/05/1953,AL,0,0,0,33.4,-86.97,0,0,0.1,10
1953,5,4,04/05/1953,AL,1,2,0,33.92,-87.82,0,0,0.2,67
1953,5,4,04/05/1953,MS,1,0,0,30.85,-89.13,30.9,-89.05,6.2,100
1953,5,4,04/05/1953,MS,2,1,0,31.83,-89.43,0,0,1.5,200
1953,5,4,04/05/1953,MS,2,0,0,34.92,-88.52,34.98,-88.38,8.8,20
1953,5,4,04/05/1953,MS,2,2,0,33.12,-88.57,33.22,-88.45,9.6,100
1953,5,9,09/05/1953,KS,3,0,0,39.8,-97.9,39.98,-97.8,13.5,10
1953,5,9,09/05/1953,NE,1,0,0,42.3,-97.47,0,0,1.5,10
1953,5,9,09/05/1953,NE,2,0,0,40.97,-99.47,0,0,1.5,10
1953,5,9,09/05/1953,NE,3,82,5,40.25,-97.57,40.77,-97.05,46.9,880
1953,5,9,09/05/1953,SD,1,0,0,44.38,-98.23,44.42,-98.2,1.9,440
1953,5,9,09/05/1953,SD,1,0,0,44.57,-97.52,44.67,-97.47,6.8,97
1953,5,10,10/05/1953,AR,2,0,0,35.27,-93.17,35.28,-93.13,2.3,200
1953,5,10,10/05/1953,IA,2,0,0,41.88,-92.45,0,0,0.1,10
1953,5,10,10/05/1953,IA,3,0,0,42.95,-91.33,43.05,-91.28,6.6,400
1953,5,10,10/05/1953,IA,4,0,0,40.87,-93.33,40.93,-93.23,6.4,10
1953,5,10,10/05/1953,IA,4,3,0,43.07,-93.52,43.45,-93.38,26.6,10
1953,5,10,10/05/1953,IA,4,24,2,43.45,-92.4,45.5,-90.42,162,100
1953,5,10,10/05/1953,KS,1,0,0,37.87,-97.6,37.38,-97.12,42.5,10
1953,5,10,10/05/1953,KS,1,0,0,37.33,-96.67,37.43,-96.63,6.9,440
1953,5,10,10/05/1953,KS,1,0,0,37.9,-95.4,0,0,0.5,200
1953,5,10,10/05/1953,KS,3,0,0,38.35,-96.67,38.93,-96.05,52.2,10
1953,5,10,10/05/1953,MN,2,0,0,45.42,-95.75,45.67,-95.73,17,440
1953,5,10,10/05/1953,MN,2,3,6,43.75,-93.2,43.8,-93.07,6.9,67
1953,5,10,10/05/1953,MO,1,0,0,37.55,-91.92,0,0,0.2,10
1953,5,10,10/05/1953,NE,0,0,0,40.63,-95.87,0,0,0.1,33
1953,5,10,10/05/1953,NE,1,0,0,40.93,-97.28,0,0,0.1,10
1953,5,10,10/05/1953,NE,1,0,0,40.18,-95.93,40.05,-95.87,9.7,10
1953,5,10,10/05/1953,OK,1,0,0,34.88,-99.85,34.92,-99.8,3.6,440
1953,5,10,10/05/1953,OK,1,0,0,34.75,-99.65,0,0,0.1,17
1953,5,10,10/05/1953,OK,1,0,0,34.85,-99.53,0,0,0.1,17
1953,5,10,10/05/1953,OK,1,0,0,35.78,-98.75,0,0,0.1,10
1953,5,10,10/05/1953,OK,2,0,0,36.98,-97.62,37.38,-97.12,38.8,10
1953,5,10,10/05/1953,WI,2,27,4,44.83,-92.67,46.25,-91.75,105.7,100
1953,5,11,11/05/1953,OK,1,0,0,34.93,-95.8,0,0,0.1,10
1953,5,11,11/05/1953,OK,1,0,0,34.67,-97.15,0,0,2,33
1953,5,11,11/05/1953,TX,2,0,0,31.32,-96.22,31.37,-96.07,9.5,267
1953,5,11,11/05/1953,TX,4,159,13,31.53,-100.58,31.53,-100.42,9.9,880
1953,5,11,11/05/1953,TX,5,597,114,31.55,-97.15,31.75,-96.88,20.9,583
1953,5,14,14/05/1953,MS,2,1,0,33.6,-88.62,33.82,-88.43,18.7,10
1953,5,14,14/05/1953,TN,1,0,0,35.08,-86.58,0,0,0.1,10
1953,5,16,16/05/1953,KS,1,0,0,38.53,-96.87,0,0,2.5,220
1953,5,16,16/05/1953,LA,0,0,0,32.43,-94,0,0,2,50
1953,5,16,16/05/1953,LA,2,3,0,30.4,-92.23,30.57,-91.93,21.7,150
1953,5,16,16/05/1953,LA,2,0,0,31.98,-93,32.1,-92.53,28.5,200
1953,5,16,16/05/1953,LA,2,2,0,32.3,-92.75,32.3,-92.37,22.5,100
1953,5,16,16/05/1953,TX,3,8,1,31.23,-95.57,31.25,-95.65,5.2,10
1953,5,17,17/05/1953,LA,3,17,0,32.47,-91.75,32.75,-91.13,41.6,100
1953,5,17,17/05/1953,MI,2,0,0,41.78,-85.77,41.85,-85.67,6.4,10
1953,5,17,17/05/1953,NE,0,0,0,42.53,-101.97,42.6,-101.92,4.5,10
1953,5,17,17/05/1953,VA,1,0,0,38.87,-77.85,38.87,-77.73,5.9,10
1953,5,17,17/05/1953,VA,2,0,0,37.2,-80,0,0,1,880
1953,5,18,18/05/1953,LA,1,0,0,30.9,-90.8,0,0,2,67
1953,5,18,18/05/1953,LA,2,1,0,30.75,-92.8,0,0,0.5,33
1953,5,18,18/05/1953,OK,1,0,0,34.15,-97.13,0,0,0.1,10
1953,5,18,18/05/1953,TX,0,0,0,31.8,-95.4,0,0,0.1,10
1953,5,19,19/05/1953,CA,2,0,0,39.75,-122.18,0,0,2,10
1953,5,19,19/05/1953,FL,0,0,0,30.38,-87.25,0,0,0.1,17
1953,5,20,20/05/1953,IA,3,7,0,41.98,-91.57,42.08,-91.02,38.6,400
1953,5,20,20/05/1953,IA,3,0,1,42.15,-93.7,43.43,-92.32,116.1,400
1953,5,21,21/05/1953,MI,4,68,2,42.92,-82.6,42.98,-82.42,10,1760
1953,5,23,23/05/1953,PA,1,0,0,40.65,-76.53,0,0,0.5,27
1953,5,24,24/05/1953,IA,1,0,0,41.6,-92.1,0,0,0.1,500
1953,5,24,24/05/1953,MT,3,0,0,46.98,-104.18,47.1,-104.07,9.3,400
1953,5,26,26/05/1953,MD,1,0,0,38.77,-76.9,0,0,1,200
1953,5,26,26/05/1953,NE,1,0,0,40.6,-99.1,0,0,0.1,10
1953,5,27,27/05/1953,KS,1,0,0,39.58,-100.48,0,0,0.1,10
1953,5,27,27/05/1953,KS,1,0,0,39.82,-100.73,0,0,0.1,10
1953,5,27,27/05/1953,KS,2,0,0,37.17,-101.3,0,0,0.1,10
1953,5,28,28/05/1953,KS,1,0,0,37.03,-100.95,0,0,0.1,50
1953,5,28,28/05/1953,SD,0,0,0,43.93,-104.05,44.12,-103.72,20.6,10
1953,5,28,28/05/1953,WY,2,0,0,43.85,-104.32,44.38,-104.1,38.2,433
1953,5,29,29/05/1953,KS,2,0,0,37.48,-99.92,0,0,0.1,10
1953,5,29,29/05/1953,ND,2,0,0,46.2,-97.13,0,0,0.1,10
1953,5,29,29/05/1953,ND,2,0,0,47.15,-96.93,47.2,-96.87,3.6,100
1953,5,29,29/05/1953,ND,5,20,2,46.45,-100.67,46.63,-100.47,14.8,600
1953,5,29,29/05/1953,NE,1,0,0,41.05,-98.22,0,0,0.1,10
1953,5,29,29/05/1953,SD,1,0,0,45.17,-98.12,0,0,0.1,10
1953,5,29,29/05/1953,SD,2,2,0,45.82,-100.82,0,0,0.5,33
1953,5,29,29/05/1953,SD,2,0,0,44.65,-97.62,44.68,-97.57,1.9,10
1953,5,29,29/05/1953,WY,1,0,0,44.75,-106.17,0,0,0.2,10
1953,5,30,30/05/1953,ND,0,0,0,46.83,-98.67,0,0,0.1,20
1953,5,30,30/05/1953,ND,2,0,0,46.67,-98.68,46.7,-98.57,5.4,10
1953,5,30,30/05/1953,PA,2,0,0,40.4,-79.2,40.4,-79.13,1.9,10
1953,5,31,31/05/1953,SC,1,0,0,32.95,-80.47,32.97,-80.4,4.3,200
1953,5,31,31/05/1953,TX,1,0,0,34.5,-101.8,0,0,0.1,10
1953,6,1,01/06/1953,SC,1,0,0,33.5,-81.03,33.52,-80.98,3,67
1953,6,2,02/06/1953,NE,2,0,0,42.45,-102.2,42.93,-100.77,80,10
1953,6,2,02/06/1953,NE,2,0,0,41.85,-101.52,41.92,-101.23,15,10
1953,6,2,02/06/1953,SD,2,0,0,45,-101.23,45.02,-101.1,5.9,10
1953,6,4,04/06/1953,FL,1,0,0,24.55,-81.77,0,0,0.1,10
1953,6,5,05/06/1953,FL,0,0,0,27.82,-82.7,0,0,0.1,10
1953,6,5,05/06/1953,KS,0,0,0,37.02,-94.73,0,0,0.1,10
1953,6,5,05/06/1953,MI,0,0,0,42.37,-83.42,0,0,1,50
1953,6,5,05/06/1953,MI,2,0,0,43.37,-83.87,43.43,-83.78,5.6,10
1953,6,5,05/06/1953,NE,3,0,0,40.18,-101.67,40.3,-101.55,9.8,10
1953,6,5,05/06/1953,OK,0,0,0,34.82,-99.92,0,0,0.1,27
1953,6,5,05/06/1953,OK,0,0,0,35.08,-98.75,0,0,0.1,250
1953,6,5,05/06/1953,OK,1,0,0,36.1,-98.58,0,0,0.4,100
1953,6,5,05/06/1953,OK,1,0,0,36.83,-95.9,0,0,2,50
1953,6,5,05/06/1953,OK,2,0,0,34.67,-96.75,0,0,0.1,10
1953,6,5,05/06/1953,OK,3,0,0,34.63,-97.17,34.47,-96.95,16.9,10
1953,6,5,05/06/1953,TX,0,0,0,34.85,-100.22,0,0,0.1,10
1953,6,5,05/06/1953,UT,0,0,0,41,-111.88,40.93,-111.75,8,147
1953,6,6,06/06/1953,ME,1,1,0,45.05,-69.3,0,0,0.2,33
1953,6,6,06/06/1953,OK,0,0,0,35.67,-99.6,0,0,0.1,10
1953,6,7,07/06/1953,CO,0,0,0,41,-102.3,0,0,0.1,10
1953,6,7,07/06/1953,CO,0,0,0,40.98,-102.28,0,0,0.1,10
1953,6,7,07/06/1953,CO,0,0,0,40.97,-102.3,0,0,0.1,10
1953,6,7,07/06/1953,CO,1,0,0,40.98,-102.28,0,0,0.1,10
1953,6,7,07/06/1953,CO,1,0,0,41,-102.27,0,0,0.1,10
1953,6,7,07/06/1953,IA,1,0,0,42.17,-94.07,42.18,-94,2.3,100
1953,6,7,07/06/1953,IA,2,0,0,42.75,-96.6,42.87,-96.43,11.3,200
1953,6,7,07/06/1953,IA,2,0,0,42.37,-95.48,43.22,-94.38,49.2,833
1953,6,7,07/06/1953,IA,2,0,0,42.3,-94.3,42.87,-93.75,49,200
1953,6,7,07/06/1953,IA,2,0,0,41.42,-93.92,41.87,-91.75,116,200
1953,6,7,07/06/1953,IA,3,0,0,42.55,-94.7,42.85,-94.25,30.7,200
1953,6,7,07/06/1953,KS,0,0,0,39.53,-99.83,39.57,-99.63,10.9,10
1953,6,7,07/06/1953,KS,0,0,0,38.55,-97.15,38.67,-96.97,12.6,10
1953,6,7,07/06/1953,KS,1,0,0,39.35,-100.05,0,0,0.1,10
1953,6,7,07/06/1953,KS,2,0,0,39.35,-99.85,0,0,0.1,10
1953,6,7,07/06/1953,MN,1,0,0,43.75,-94.68,43.98,-94.47,19.1,10
1953,6,7,07/06/1953,MT,0,0,0,47.28,-112.17,0,0,0.1,10
1953,6,7,07/06/1953,NE,0,0,0,40.83,-98.22,40.88,-98.15,4.1,10
1953,6,7,07/06/1953,NE,0,0,0,40.3,-98.85,0,0,9,33
1953,6,7,07/06/1953,NE,0,1,0,42.45,-96.87,0,0,1.5,10
1953,6,7,07/06/1953,NE,0,5,0,41.6,-96.55,0,0,1,10
1953,6,7,07/06/1953,NE,1,2,0,41.2,-97.28,41.42,-96.95,22.7,10
1953,6,7,07/06/1953,NE,1,0,0,40.1,-98.85,40.32,-98.9,15,33
1953,6,7,07/06/1953,NE,1,0,0,42.28,-97.78,42.32,-97.62,8.2,10
1953,6,7,07/06/1953,NE,2,0,0,41.23,-99.27,41.33,-99.17,6.6,100
1953,6,7,07/06/1953,NE,2,0,0,40.78,-98.17,40.87,-98.25,6.6,10
1953,6,7,07/06/1953,NE,2,1,0,41.47,-98.63,41.68,-98.37,20.1,10
1953,6,7,07/06/1953,NE,2,2,0,41.35,-97.07,41.42,-96.95,6.9,10
1953,6,7,07/06/1953,NE,2,0,0,41.95,-97.67,42.17,-97.52,16.6,10
1953,6,7,07/06/1953,NE,2,6,0,42.13,-97.6,42.42,-97.12,31,10
1953,6,7,07/06/1953,NE,2,1,0,41.55,-96.25,41.57,-96.17,4.1,10
1953,6,7,07/06/1953,NE,3,1,0,41.7,-98.02,41.82,-98.02,8,250
1953,6,7,07/06/1953,NE,4,0,11,41.33,-99.13,41.57,-99.05,15,440
1953,6,7,07/06/1953,SD,0,0,0,43.85,-98.02,0,0,1.5,10
1953,6,8,08/06/1953,MI,0,0,0,43.88,-83.33,0,0,0.1,10
1953,6,8,08/06/1953,MI,2,13,4,44.33,-83.63,44.45,-83.33,16.6,833
1953,6,8,08/06/1953,MI,3,11,0,42.58,-83.7,42.6,-83.68,9.1,200
1953,6,8,08/06/1953,MI,3,0,0,44.82,-83.47,0,0,1.8,100
1953,6,8,08/06/1953,MI,3,5,1,42.2,-84,42.25,-83.78,11.3,70
1953,6,8,08/06/1953,MI,4,23,0,43.15,-83.18,43.13,-82.5,33.8,833
1953,6,8,08/06/1953,MI,4,18,4,41.78,-83.57,41.78,-83.45,5.4,200
1953,6,8,08/06/1953,MI,5,844,116,43.1,-83.85,43.17,-83.42,18.9,833
1953,6,8,08/06/1953,NE,0,0,0,41.07,-102.05,0,0,0.1,10
1953,6,8,08/06/1953,NE,0,0,0,41.08,-102.08,0,0,0.1,10
1953,6,8,08/06/1953,NE,1,0,0,41.07,-102.1,0,0,0.1,83
1953,6,8,08/06/1953,OH,4,379,17,41.22,-83.9,41.5,-81.72,118,100
1953,6,9,09/06/1953,MA,3,17,0,42.17,-71.77,42.05,-71.2,28,667
1953,6,9,09/06/1953,MA,4,1228,94,42.47,-72.17,42.3,-71.52,34.9,900
1953,6,9,09/06/1953,NH,1,0,0,43.23,-70.83,0,0,1,40
1953,6,9,09/06/1953,NH,3,5,0,42.97,-70.97,0,0,1.5,100
1953,6,10,10/06/1953,VA,1,0,0,36.72,-82.3,0,0,0.1,10
1953,6,11,11/06/1953,WY,1,0,0,42.75,-104.83,42.75,-104.68,7.2,67
1953,6,12,12/06/1953,WY,2,0,0,43.87,-105.27,0,0,2,33
1953,6,13,13/06/1953,IN,1,0,0,40.42,-86.88,0,0,0.1,10
1953,6,13,13/06/1953,ND,0,0,0,48.67,-101.5,0,0,0.1,10
1953,6,13,13/06/1953,ND,2,0,0,48.17,-103.38,0,0,0.1,10
1953,6,13,13/06/1953,OH,2,0,0,39.73,-84.63,0,0,0.1,10
1953,6,13,13/06/1953,VA,1,0,0,36.58,-79.4,36.58,-79.32,4.5,10
1953,6,14,14/06/1953,SD,2,0,0,43.47,-101.5,43.83,-101.27,27.7,440
1953,6,15,15/06/1953,SD,2,0,0,45.5,-97.98,45.58,-97.87,7.6,10
1953,6,17,17/06/1953,CO,2,0,0,37.1,-106.1,0,0,1,1417
1953,6,18,18/06/1953,FL,1,0,0,27.82,-82.83,0,0,0.1,10
1953,6,18,18/06/1953,SD,1,0,0,43.75,-97.37,43.8,-97.18,9.3,67
1953,6,19,19/06/1953,KS,1,0,0,39.4,-98.43,39.48,-98.37,6.6,440
1953,6,19,19/06/1953,KS,2,0,0,38.6,-97.07,38.6,-96.9,8.8,10
1953,6,19,19/06/1953,KS,2,0,0,39.6,-95.6,0,0,0.1,10
1953,6,19,19/06/1953,NE,1,0,0,40.18,-98.57,0,0,1.5,10
1953,6,19,19/06/1953,NE,2,1,0,42.22,-97.02,0,0,0.1,10
